id,Q1,Q2,Q3,Q4,Q5,Q6,Q7,Q8,Q9,Q10,Q11,Q12,Q13,Q14,Q15,Q16,Q17,Q18,Q19,Q20,Q21,Q22,Q23,Q24,Q25,Q26,Q27,Q28,Q29,Q30,Q31,Q32,Q33,Q34,Q35,Q36,Q37,Q38,Q39,Q40,Q41,Q42,Q43,Q44,Q45,Q46,Q47,Q48,Q49,Q50,Q51,Q52,Q53,Q54,Q55,Q56,Q57,Q58,Q59,Q60,Q61,Q62,Q63,Q64,Q65,Q66,Q67,Q68,Q69,Q70,Q71,Q72,Q73,Q74,Q75,Q76,Q77,Q78,Q79,Q80
0,0,1,0,0,1,1,0,1,0,0,0,0,0,1,0,1,0,0,0,0,1,1,0,1,1,0,1,0,1,0,1,1,0,1,0,0,0,0,0,1,1,0,0,1,1,1,1,0,0,0,0,0,1,0,1,1,1,1,1,0,1,0,0,0,1,0,1,1,1,1,0,0,1,0,0,1,1,0,0,1
1,0,1,0,0,0,1,1,1,0,0,0,0,1,1,0,1,0,0,0,0,1,1,0,1,1,0,1,0,1,0,1,1,0,1,0,0,0,0,0,1,1,0,1,1,1,1,1,0,0,0,0,0,1,1,0,1,1,1,1,1,1,0,1,0,1,0,1,1,1,1,0,0,1,0,0,1,1,0,0,1
2,0,1,0,0,1,1,1,1,0,0,0,0,0,1,0,1,0,0,0,0,1,1,0,1,1,0,1,0,1,0,1,1,0,0,0,0,0,0,0,1,1,0,1,1,1,1,1,0,0,0,0,0,1,0,1,1,1,1,1,1,1,0,1,0,1,0,1,1,1,1,0,0,1,0,0,1,1,0,0,1
3,0,1,0,0,1,1,0,1,0,0,0,0,0,1,0,1,0,0,0,0,1,1,0,1,1,0,1,0,1,0,1,1,0,1,0,0,0,0,0,1,1,0,0,1,1,1,1,0,0,1,0,0,1,0,1,1,1,1,1,0,1,0,0,0,1,0,1,1,1,1,0,0,1,0,0,0,1,0,0,1
4,0,1,0,0,1,1,0,1,0,0,0,0,1,1,0,1,0,0,0,0,1,1,0,1,1,0,1,0,1,0,1,1,0,1,0,0,0,0,0,1,1,0,1,1,1,1,1,0,0,0,0,0,1,0,0,1,1,1,1,0,1,0,0,0,1,0,1,1,1,1,0,0,1,0,0,1,1,0,0,1
5,0,1,0,0,1,1,0,1,0,0,0,0,1,1,0,1,0,0,0,0,1,1,0,1,1,0,1,0,1,0,1,1,0,1,0,0,0,0,0,1,1,0,0,1,1,1,1,0,0,0,0,0,1,0,0,1,1,1,1,0,1,0,0,0,1,0,1,1,1,1,0,0,1,0,0,1,1,0,0,1
6,0,1,0,0,1,1,0,1,0,1,1,0,0,1,0,1,0,0,0,0,1,1,0,1,1,0,1,0,1,0,1,1,0,1,0,0,0,0,0,1,1,0,0,1,1,1,1,0,0,1,0,0,1,0,1,0,1,1,1,0,1,0,0,0,1,0,1,1,1,1,0,0,1,0,0,0,0,0,0,1
7,0,1,0,0,1,1,0,1,0,0,0,0,0,1,0,1,0,0,0,0,1,1,0,1,1,0,1,0,1,0,1,1,0,1,0,0,0,0,0,1,1,0,0,1,1,1,1,0,0,1,0,0,1,0,1,1,1,1,1,0,1,0,0,0,1,0,1,1,1,1,0,0,1,0,0,0,1,0,0,1
8,0,1,0,0,1,1,0,1,0,0,0,0,0,1,0,1,0,0,0,0,1,1,0,1,1,0,1,0,1,0,1,1,0,1,0,0,0,0,0,1,1,0,0,1,1,1,1,0,0,1,0,0,1,0,1,1,1,1,1,0,1,0,0,0,1,0,1,1,1,1,0,0,1,0,0,0,1,0,0,1
9,0,1,0,0,1,1,0,1,0,0,0,0,0,1,0,1,0,0,0,0,1,1,0,1,1,0,1,0,1,0,1,1,0,1,0,0,0,0,0,1,1,0,0,1,1,1,1,0,0,1,0,0,1,0,1,1,1,1,1,0,1,0,0,0,1,0,1,1,1,1,0,0,1,0,0,0,0,0,0,1
10,0,1,1,0,1,1,1,1,0,0,0,0,1,1,0,1,0,0,0,0,1,1,0,1,1,0,1,0,1,0,1,1,0,1,1,0,0,0,0,1,1,0,1,1,1,1,1,0,0,0,0,0,1,1,0,1,1,1,1,1,1,0,0,0,1,0,1,1,1,1,0,0,1,0,0,1,1,0,0,1
11,0,1,0,0,1,1,0,1,0,0,0,0,0,1,0,1,0,0,0,0,1,1,0,1,1,0,1,0,1,0,1,1,0,1,0,0,0,0,0,1,1,0,0,1,1,1,1,0,0,1,0,0,1,0,1,1,1,1,1,0,1,0,0,0,1,0,1,1,1,1,0,0,1,0,0,0,0,0,0,1
12,0,1,0,0,1,1,0,1,0,0,0,0,0,1,0,1,0,0,0,0,1,1,0,1,1,0,1,0,1,0,1,1,0,1,0,0,0,0,0,1,1,0,0,1,1,1,1,0,0,1,0,0,1,0,1,1,1,1,1,0,1,0,0,0,1,0,1,1,1,1,0,0,1,0,0,0,1,0,0,1
13,0,1,0,0,1,1,0,1,0,0,0,0,0,1,0,1,0,0,0,0,1,1,0,1,1,0,1,0,1,0,1,1,0,1,0,0,0,0,0,1,1,0,0,1,1,1,1,0,0,1,0,0,1,0,1,1,1,1,1,0,1,0,0,0,1,0,1,1,1,1,0,0,1,0,0,0,1,0,0,1
14,0,1,0,0,1,1,1,1,0,1,1,0,0,1,1,1,0,0,0,0,1,1,0,1,1,0,1,0,0,0,1,1,1,0,0,0,0,0,0,1,1,0,0,1,1,1,1,1,0,1,0,1,1,0,1,0,1,1,1,1,1,0,0,0,1,0,1,1,1,1,0,0,1,0,0,0,0,0,0,1
15,0,1,0,0,1,1,0,1,0,1,1,0,0,1,0,1,0,0,0,0,1,1,0,1,1,0,1,0,1,0,1,1,0,1,0,0,0,0,0,1,1,0,0,1,1,1,1,0,0,1,0,0,1,0,1,1,1,1,1,0,1,0,0,0,1,0,1,1,1,1,0,0,1,0,0,0,0,0,0,1
16,0,1,0,0,1,1,0,1,0,0,0,0,0,1,0,1,0,0,0,0,1,1,0,1,1,0,1,0,1,0,1,1,0,1,0,0,0,0,0,1,1,0,0,1,1,1,1,0,0,1,0,0,1,0,1,1,1,1,1,0,1,0,0,0,1,0,1,1,1,1,0,0,1,0,0,0,0,0,0,1
17,0,1,0,0,1,1,0,1,0,0,0,0,0,1,0,1,0,0,0,0,1,1,0,1,1,0,1,0,1,0,1,1,0,1,0,0,0,0,0,1,1,0,0,1,1,1,1,0,0,1,0,0,1,0,1,0,1,1,1,0,1,0,0,0,1,0,1,1,1,1,0,0,1,0,0,0,0,0,0,1
18,0,1,0,0,1,1,0,1,0,0,0,0,0,1,0,1,0,0,0,0,1,1,0,1,1,0,1,0,1,0,1,1,0,1,0,0,0,0,0,1,1,0,0,1,1,1,1,0,0,1,0,0,1,0,1,1,1,1,1,0,1,0,0,0,1,0,1,1,1,1,0,0,1,0,0,1,1,0,0,1
19,0,1,0,0,1,1,0,1,0,0,1,0,0,1,0,1,0,0,0,0,1,1,0,1,1,0,1,0,1,0,1,1,0,1,0,0,0,0,0,1,1,0,0,1,1,1,1,0,0,1,0,0,1,0,1,1,1,1,1,0,1,0,0,0,1,0,1,1,1,1,0,0,1,0,0,0,1,0,0,1
20,0,1,0,0,1,1,0,1,0,1,1,0,0,1,0,1,0,0,0,0,1,1,0,1,1,0,1,0,1,0,1,1,0,1,0,0,0,0,0,1,1,0,0,1,1,1,1,0,0,1,0,0,1,0,1,0,1,1,1,0,1,0,0,0,1,0,1,1,1,1,0,0,1,0,0,0,0,0,0,1
21,0,1,0,0,1,1,0,1,0,0,0,0,0,1,0,1,0,0,0,0,1,1,0,1,1,0,1,0,1,0,1,1,0,1,0,0,0,0,0,1,1,0,0,1,1,1,1,0,0,0,0,0,1,0,1,1,1,1,1,0,1,0,0,0,1,0,1,1,1,1,0,0,1,0,0,1,1,0,0,1
22,0,1,0,0,1,1,0,1,0,1,1,0,0,1,0,1,0,0,0,0,1,1,0,1,1,0,1,0,0,0,1,1,1,0,0,0,0,0,0,1,1,0,0,1,1,1,1,1,0,1,0,0,1,0,1,0,1,1,1,0,1,0,0,0,1,0,1,1,1,1,0,0,1,0,0,0,0,0,0,1
23,0,1,0,0,1,1,1,1,0,0,0,0,0,1,0,1,0,0,0,0,1,1,0,1,1,0,1,0,1,0,1,1,0,1,0,0,0,0,0,1,1,0,1,1,1,1,1,0,0,0,0,0,1,0,1,1,1,1,1,1,1,0,0,0,1,0,1,1,1,1,0,0,1,0,0,1,1,0,0,1
24,0,1,0,0,1,1,0,1,0,0,0,0,1,1,0,1,0,0,0,0,1,1,0,1,1,0,1,0,1,0,1,1,0,1,0,0,0,0,0,1,1,0,1,1,1,1,1,0,0,0,0,0,1,0,0,1,1,1,1,0,1,0,0,0,1,0,1,1,1,1,0,0,1,0,0,1,1,0,0,1
25,0,1,0,0,1,1,1,1,0,0,0,0,1,1,0,1,0,0,0,0,1,1,0,1,1,0,1,0,1,0,1,1,0,1,0,0,0,0,0,1,1,0,1,1,1,1,1,0,0,0,0,0,1,0,0,1,1,1,1,1,1,0,0,0,1,0,1,1,1,1,0,0,1,0,0,1,1,0,0,1
26,0,1,0,0,1,1,1,1,0,0,0,0,1,1,0,1,0,0,0,0,1,1,0,1,1,0,1,0,1,0,1,1,0,1,0,0,0,0,0,1,1,0,1,1,1,1,1,0,0,0,0,0,1,0,1,1,1,1,1,1,1,0,0,0,1,0,1,1,1,1,0,0,1,0,0,1,1,0,0,1
27,0,1,0,0,1,1,0,1,0,1,1,0,0,1,1,1,0,0,0,0,1,1,0,1,1,0,1,0,0,0,1,1,1,0,0,0,0,0,0,1,1,0,0,1,1,1,1,1,0,1,0,0,1,0,1,0,1,1,1,0,1,0,0,0,1,0,1,1,1,1,0,0,1,0,0,0,0,0,0,1
28,0,1,0,0,1,1,0,1,0,1,1,0,0,1,0,1,0,0,0,0,1,1,0,1,1,0,1,0,1,0,1,1,1,0,0,0,0,0,0,1,1,0,0,1,1,1,1,0,0,1,0,0,1,0,1,0,1,1,1,0,1,0,0,0,1,0,1,1,1,1,0,0,1,0,0,0,0,0,0,1
29,0,1,1,0,1,1,0,1,0,0,0,0,1,1,0,1,0,0,0,0,1,1,0,1,1,0,1,0,1,0,1,1,0,1,1,0,0,0,0,1,1,0,1,1,1,1,1,0,0,0,0,0,1,0,0,1,1,1,1,0,1,0,0,0,1,0,1,1,1,1,0,0,1,0,0,1,1,0,0,1
30,0,1,0,0,1,1,0,1,0,1,1,0,0,1,0,1,0,0,0,0,1,1,0,1,1,0,1,0,1,0,1,1,1,0,0,0,0,0,0,1,1,0,0,1,1,1,1,0,0,1,0,0,1,0,1,0,1,1,1,0,1,0,0,0,1,0,1,1,1,1,0,0,1,0,0,0,0,0,0,1
31,0,1,0,0,1,1,1,1,0,0,0,0,1,1,0,1,0,0,0,0,1,1,0,1,1,0,1,0,1,0,1,1,0,1,0,0,0,0,0,1,1,0,1,1,1,1,1,0,0,0,0,0,1,0,0,1,1,1,1,1,1,0,0,0,1,0,1,1,1,1,0,0,1,0,0,1,1,0,0,1
32,0,1,0,0,1,1,0,1,0,1,1,0,0,1,0,1,0,0,0,0,1,1,0,1,1,0,1,0,0,0,1,1,1,0,0,0,0,0,0,1,1,0,0,1,1,1,1,1,0,1,0,0,1,0,1,0,1,1,1,0,1,0,0,0,1,0,1,1,1,1,0,0,1,0,0,0,0,0,0,1
33,0,1,0,0,1,1,0,1,0,0,0,0,0,1,0,1,0,0,0,0,1,1,0,1,1,0,1,0,1,0,1,1,0,1,0,0,0,0,0,1,1,0,0,1,1,1,1,0,0,1,0,0,1,0,1,1,1,1,1,0,1,0,0,0,1,0,1,1,1,1,0,0,1,0,0,0,1,0,0,1
34,0,1,0,0,1,1,0,1,0,0,0,0,0,1,0,1,0,0,0,0,1,1,0,1,1,0,1,0,1,0,1,1,0,1,0,0,0,0,0,1,1,0,0,1,1,1,1,0,0,1,0,0,1,0,1,1,1,1,1,0,1,0,0,0,1,0,1,1,1,1,0,0,1,0,0,0,0,0,0,1
35,0,1,0,0,1,1,0,1,0,0,1,0,0,1,0,1,0,0,0,0,1,1,0,1,1,0,1,0,1,0,1,1,0,1,0,0,0,0,0,1,1,0,0,1,1,1,1,0,0,1,0,0,1,0,1,1,1,1,1,0,1,0,0,0,1,0,1,1,1,1,0,0,1,0,0,0,1,0,0,1
36,0,1,0,0,1,1,0,1,0,0,0,0,1,1,0,1,0,0,0,0,1,1,0,1,1,0,1,0,1,0,1,1,0,1,0,0,0,0,0,1,1,0,1,1,1,1,1,0,0,0,0,0,1,0,0,1,1,1,1,0,1,0,0,0,1,0,1,1,1,1,0,0,1,0,0,1,1,0,0,1
37,0,1,0,0,1,1,1,1,0,0,0,0,1,1,0,1,0,0,0,0,1,1,0,1,1,0,1,0,1,0,1,1,0,1,0,0,0,0,0,1,1,0,1,1,1,1,1,0,0,0,0,0,1,1,0,1,1,1,1,1,1,0,1,0,1,0,1,1,1,1,0,0,1,0,0,1,1,0,0,1
38,0,1,0,0,1,1,1,1,0,0,0,0,0,1,0,1,0,0,0,0,1,1,0,1,1,0,1,0,1,0,1,1,0,1,0,0,0,0,0,1,1,0,1,1,1,1,1,0,0,0,0,0,1,0,1,1,1,1,1,1,1,0,0,0,1,0,1,1,1,1,0,0,1,0,0,1,1,0,0,1
39,0,1,0,0,1,1,1,1,0,0,0,0,0,1,0,1,0,0,0,0,1,1,0,1,1,0,1,0,1,0,1,1,0,0,0,0,0,0,0,1,1,0,1,1,1,1,1,0,0,1,0,0,1,0,1,1,1,1,1,1,1,0,0,0,1,0,1,1,1,1,0,0,1,0,0,1,0,0,0,1
40,0,1,0,0,1,1,0,1,0,0,0,0,0,1,0,1,0,0,0,0,1,1,0,1,1,0,1,0,1,0,1,1,0,1,0,0,0,0,0,1,1,0,0,1,1,1,1,0,0,1,0,0,1,0,1,1,1,1,1,0,1,0,0,0,1,0,1,1,1,1,0,0,1,0,0,0,1,0,0,1
41,0,1,0,0,1,1,0,1,0,1,1,0,0,1,0,1,0,0,0,0,1,1,0,1,1,0,1,0,0,0,1,1,1,0,0,0,0,0,0,1,1,0,0,1,1,1,1,1,0,1,0,0,1,0,1,0,1,1,1,0,1,0,0,0,1,0,1,1,1,1,0,0,1,0,0,0,0,0,0,1
42,0,1,0,0,1,1,0,1,0,0,0,0,0,1,0,1,0,0,0,0,1,1,0,1,1,0,1,0,1,0,1,1,0,1,0,0,0,0,0,1,1,0,0,1,1,1,1,0,0,1,0,0,1,0,1,1,1,1,1,0,1,0,0,0,1,0,1,1,1,1,0,0,1,0,0,0,0,0,0,1
43,0,1,1,0,1,1,1,1,0,0,0,0,1,1,0,1,0,0,0,0,1,1,0,1,1,0,1,0,1,0,1,1,0,1,1,0,0,0,0,1,1,0,1,1,1,1,1,0,0,0,0,0,1,0,0,1,1,1,1,1,1,0,0,0,1,0,1,1,1,1,0,0,1,0,0,1,1,0,0,1
44,0,1,0,0,1,1,1,1,0,0,0,0,0,1,0,1,0,0,0,0,1,1,0,1,1,0,1,0,1,0,1,1,1,0,0,0,0,0,0,1,1,0,0,1,1,1,1,0,0,1,0,0,1,0,1,1,1,1,1,1,1,0,0,0,1,0,1,1,1,1,0,0,1,0,0,1,0,0,0,1
45,0,1,0,0,1,1,0,1,0,0,0,0,1,1,0,1,0,0,0,0,1,1,0,1,1,0,1,0,1,0,1,1,0,1,0,0,0,0,0,1,1,0,1,1,1,1,1,0,0,0,0,0,1,0,0,1,1,1,1,0,1,0,0,0,1,0,1,1,1,1,0,0,1,0,0,1,1,0,0,1
46,0,1,1,0,1,1,0,1,0,0,0,0,1,1,0,1,0,0,0,0,1,1,0,1,1,0,1,0,1,0,1,1,0,1,1,0,0,0,0,1,1,0,1,1,1,1,1,0,0,0,0,0,1,0,0,1,1,1,1,0,1,0,0,0,1,0,1,1,1,1,0,0,1,0,0,1,1,0,0,1
47,0,1,0,0,1,1,0,1,0,1,1,0,0,1,0,1,0,0,0,0,1,1,0,1,1,0,1,0,0,0,1,1,0,1,0,0,0,0,0,1,1,0,0,1,1,1,1,1,0,1,0,0,1,0,1,0,1,1,1,0,1,0,0,0,1,0,1,1,1,1,0,0,1,0,0,0,0,0,0,1
48,0,1,0,0,0,1,1,1,0,0,0,0,1,1,0,1,0,0,0,0,1,1,0,1,1,0,1,0,1,0,1,1,0,0,0,0,0,0,0,1,1,0,1,1,1,1,1,0,0,0,0,0,1,1,1,1,1,1,1,1,1,0,1,0,1,0,1,1,1,1,0,0,1,0,0,1,1,0,0,1
49,0,1,0,0,1,1,0,1,0,1,1,0,0,1,0,1,0,0,0,0,1,1,0,1,1,0,1,0,0,0,1,1,1,1,0,0,0,0,0,1,1,0,0,1,1,1,1,1,0,1,0,0,1,0,1,0,1,1,1,0,1,0,0,0,1,0,1,1,1,1,0,0,1,0,0,0,0,0,0,1
50,1,1,0,0,0,0,1,1,0,1,1,0,0,1,1,1,0,0,0,0,0,0,0,1,1,1,1,0,0,1,0,1,1,0,0,1,0,0,0,1,1,1,0,1,1,1,0,1,0,1,0,1,1,0,1,0,0,1,1,1,1,0,1,0,1,0,0,1,0,1,0,0,1,0,0,1,0,1,0,1
51,1,1,0,0,0,0,1,1,0,1,1,0,0,1,1,1,0,0,0,0,0,0,1,1,1,1,1,0,0,1,0,1,1,0,0,1,0,0,0,1,1,1,0,1,1,1,0,1,0,1,0,1,1,0,1,0,0,0,1,1,1,0,1,0,1,0,0,1,0,1,0,1,1,0,0,1,0,1,0,0
52,1,1,0,0,1,0,1,1,1,1,1,0,0,1,1,1,0,0,0,0,0,0,1,1,1,1,1,0,0,1,0,1,1,0,0,1,0,0,0,1,1,1,0,1,1,1,0,1,0,1,0,1,1,0,1,0,0,0,1,1,1,0,0,0,1,0,0,1,0,1,0,1,0,0,0,0,0,1,0,0
53,1,1,0,0,1,0,1,1,1,1,1,0,0,1,1,1,0,0,0,0,0,0,1,1,0,1,1,0,0,1,0,1,1,0,0,1,0,0,0,1,1,1,0,1,1,1,0,1,0,1,0,1,1,0,1,0,0,0,1,1,1,0,0,0,1,1,0,1,0,1,0,1,0,0,1,0,0,1,1,0
54,1,1,0,0,0,0,1,1,1,1,1,0,0,1,1,1,0,0,0,0,0,0,1,1,0,1,0,0,0,1,0,1,1,0,0,1,0,0,0,1,1,1,0,1,1,1,0,1,0,1,0,1,1,0,1,0,0,0,1,1,1,0,1,0,1,0,0,1,0,1,0,1,0,0,0,1,0,1,1,0
55,1,1,0,0,1,0,1,1,1,1,1,0,0,1,1,1,0,0,0,0,0,0,1,1,0,1,1,0,0,1,0,1,1,0,0,1,0,0,0,1,1,1,0,1,1,1,0,1,0,1,0,1,1,0,1,0,0,0,1,1,1,0,0,0,1,0,0,1,0,1,0,1,0,0,0,0,0,1,0,0
56,0,1,0,0,1,0,0,1,0,1,1,0,0,1,1,1,0,0,0,0,1,0,1,1,1,1,1,0,0,1,0,1,1,0,0,1,0,0,0,1,1,1,0,1,1,1,0,1,0,1,0,1,1,0,1,0,1,1,1,1,1,0,0,0,1,0,0,1,0,1,0,1,1,0,0,0,0,1,0,0
57,0,1,0,0,1,0,0,1,0,1,1,0,0,1,1,1,0,0,0,0,1,0,0,1,1,1,1,0,0,1,0,1,1,0,0,1,0,0,0,1,1,1,0,1,1,1,0,1,0,1,0,1,1,0,1,0,1,1,1,0,1,0,0,0,1,0,0,1,0,1,0,0,1,0,0,0,0,1,0,0
58,1,1,0,0,1,0,1,1,1,1,1,1,0,1,1,1,1,0,0,0,0,0,1,1,0,1,1,0,0,1,0,1,1,0,0,1,0,1,0,1,1,1,0,1,1,1,0,1,0,1,0,1,1,0,1,0,0,0,1,1,1,0,0,0,1,1,0,1,0,1,0,1,0,0,1,0,0,1,1,0
59,1,1,0,0,0,0,1,1,1,1,1,0,0,1,1,1,0,0,0,0,0,0,1,1,0,1,0,0,0,1,0,1,1,0,0,1,0,0,0,1,1,1,0,1,1,1,0,1,0,1,0,1,1,0,1,0,0,0,1,1,1,0,1,0,1,0,0,1,0,1,0,1,0,0,0,0,0,1,1,0
60,1,1,0,0,0,0,1,1,1,1,1,0,0,1,1,1,0,0,0,0,0,0,1,1,0,1,1,0,0,1,0,1,1,0,0,1,0,0,0,1,1,1,0,1,1,1,0,1,0,1,0,1,1,0,1,0,0,0,1,1,1,0,1,0,1,0,0,1,0,1,0,1,0,0,0,0,0,1,0,0
61,1,1,0,0,0,0,1,1,0,1,1,1,0,1,1,0,1,0,0,0,0,0,1,1,0,1,0,0,0,1,0,1,1,0,0,1,0,0,0,1,1,1,1,1,1,1,0,1,0,1,0,1,1,1,1,0,0,0,0,1,1,0,1,0,1,0,0,1,0,1,0,0,1,0,0,1,0,1,1,0
62,1,1,0,0,1,0,1,1,1,1,1,1,0,1,1,1,1,0,0,0,0,0,1,1,0,1,1,0,0,1,0,1,1,0,0,1,0,0,0,1,1,1,0,1,1,1,0,1,0,1,0,1,1,0,1,0,0,0,1,1,1,0,0,0,1,1,0,1,0,1,0,1,0,0,1,0,0,1,1,0
63,1,1,0,0,0,0,1,1,1,1,1,1,0,1,1,1,1,0,0,0,0,0,1,1,0,1,0,0,0,1,0,1,1,0,0,1,0,0,0,1,1,1,0,1,1,1,0,1,0,1,0,1,1,0,1,0,0,0,0,1,1,0,1,0,1,0,0,1,0,1,0,1,0,0,1,1,0,1,1,0
64,1,1,0,0,0,0,1,1,1,1,1,1,0,1,1,1,1,0,0,0,0,0,1,1,0,1,0,0,0,1,0,1,1,0,0,1,0,0,0,1,1,1,0,1,1,1,0,1,0,1,0,1,1,0,1,0,0,0,1,1,1,0,1,0,1,0,0,1,0,1,0,1,0,0,0,1,0,1,1,0
65,1,1,0,0,0,0,1,0,1,1,1,1,0,1,1,0,1,0,0,0,0,0,1,1,0,1,0,0,0,1,0,1,1,0,0,1,0,0,0,1,1,1,0,1,1,1,0,1,0,1,0,1,1,0,1,0,0,0,0,1,1,0,1,0,1,1,0,1,0,1,0,1,0,0,1,1,0,1,1,0
66,0,1,0,0,1,0,1,1,0,1,1,0,0,1,1,1,0,0,0,0,0,0,1,1,1,1,1,0,0,1,0,1,1,0,0,1,0,0,0,1,1,1,0,1,1,1,0,1,0,1,0,1,1,0,1,0,0,1,1,1,1,0,0,0,1,0,0,1,0,1,0,1,1,0,0,0,0,1,0,0
67,1,1,0,0,0,0,1,1,1,1,1,0,0,1,1,1,0,0,0,0,0,0,1,1,0,1,0,0,0,1,0,1,1,0,0,1,0,0,0,1,1,1,0,1,1,1,0,1,0,1,0,1,1,0,1,0,0,0,1,1,1,0,1,0,1,0,0,1,0,1,0,1,0,0,0,1,0,1,1,0
68,1,1,0,0,0,0,1,1,1,1,1,1,0,1,1,0,1,0,0,0,0,0,1,1,0,1,0,0,0,1,0,1,1,0,0,1,0,0,0,1,1,1,0,1,1,1,0,1,0,1,0,1,1,0,1,0,0,0,1,1,1,0,1,0,1,0,0,1,0,1,0,1,0,0,0,1,0,1,1,0
69,1,1,0,0,0,0,1,0,1,1,1,1,0,1,1,0,1,0,0,0,0,0,1,1,0,1,0,1,0,1,0,1,1,0,0,1,0,1,0,1,0,1,1,1,1,1,0,1,0,1,0,1,1,1,1,0,0,0,0,1,1,0,1,0,1,1,0,1,0,1,0,1,0,0,1,1,0,1,1,0
70,1,1,0,0,1,0,1,1,1,1,1,0,0,1,1,1,0,0,0,0,0,0,1,1,0,1,1,0,0,1,0,1,1,0,0,1,0,0,0,1,1,1,0,1,1,1,0,1,0,1,0,1,1,0,1,0,0,0,1,1,1,0,0,0,1,0,0,1,0,1,0,1,0,0,0,0,0,1,1,0
71,1,1,0,0,0,0,1,0,1,1,1,1,0,1,1,1,1,0,0,0,0,0,1,1,0,1,0,0,0,1,0,1,1,0,0,1,0,0,0,1,1,1,0,1,1,1,0,1,0,1,0,1,1,0,1,0,0,0,0,1,1,0,1,0,1,1,0,1,0,1,0,1,0,0,1,1,0,1,1,0
72,1,1,0,0,1,0,1,1,0,1,1,0,0,1,1,1,0,0,0,0,1,0,0,1,1,1,1,0,0,1,0,1,1,0,0,1,0,0,0,1,1,1,0,1,1,1,0,1,0,1,0,1,1,0,1,0,1,1,1,1,1,0,0,0,1,0,0,1,0,1,0,0,1,0,0,0,0,1,0,1
73,1,1,0,0,0,0,1,0,1,1,1,1,0,1,1,1,1,0,0,0,0,0,1,1,0,1,0,0,0,1,0,1,1,0,0,1,0,1,0,1,1,1,0,1,1,1,0,1,0,1,0,1,1,0,1,0,0,0,0,1,1,0,1,0,1,1,0,1,0,1,0,1,0,0,1,1,0,1,1,0
74,1,1,0,0,0,0,1,1,1,1,1,0,0,1,1,1,0,0,0,0,0,0,1,1,0,1,0,0,0,1,0,1,1,0,0,1,0,0,0,1,1,1,0,1,1,1,0,1,0,1,0,1,1,0,1,0,0,0,1,1,1,0,1,0,1,0,0,1,0,1,0,1,0,0,0,1,0,1,1,0
75,1,1,0,0,0,0,1,1,0,1,1,0,0,1,1,1,0,0,0,0,0,0,1,1,0,1,1,0,0,1,0,1,1,0,0,1,0,0,0,1,1,1,0,1,1,1,0,1,0,1,0,1,1,0,1,0,0,0,1,1,1,0,1,0,1,0,0,1,0,1,0,1,1,0,0,1,0,1,0,0
76,1,1,0,0,1,0,1,1,0,1,1,0,0,1,1,1,0,0,0,0,1,0,0,1,1,1,1,0,0,1,0,1,1,0,0,1,0,0,0,1,1,1,0,1,1,1,0,1,0,1,0,1,1,0,1,0,1,1,1,1,1,0,0,0,1,0,0,1,0,1,0,0,1,0,0,0,0,1,0,1
77,1,1,0,0,0,0,1,0,1,1,1,1,0,1,1,1,1,0,0,0,0,0,1,1,0,1,0,0,0,1,0,1,1,0,0,1,0,1,0,1,1,1,0,1,1,1,0,1,0,1,0,1,1,0,1,0,0,0,0,1,1,0,1,0,1,1,0,1,0,0,0,1,0,0,1,0,0,1,1,0
78,1,1,0,0,0,0,1,0,1,1,1,1,0,1,1,1,1,0,0,0,0,0,1,1,0,1,0,0,0,1,0,1,1,0,0,1,0,0,0,1,1,1,0,1,1,1,0,1,0,1,0,1,1,0,1,0,0,0,0,1,1,0,1,0,1,1,0,1,0,1,0,1,0,0,1,1,0,1,1,0
79,1,1,0,0,0,0,1,1,1,1,1,1,0,1,1,1,1,0,0,0,0,0,1,1,0,1,0,0,0,1,0,1,1,0,0,1,0,0,0,1,1,1,0,1,1,1,0,1,0,1,0,1,1,0,1,0,0,0,1,1,1,0,1,0,1,1,0,1,0,1,0,1,0,0,1,0,0,1,1,0
80,0,1,0,0,1,0,0,1,0,1,1,0,0,1,1,1,0,0,0,0,1,0,1,1,1,1,1,0,0,1,0,1,1,0,0,1,0,0,0,1,1,1,0,1,1,1,0,1,0,1,0,1,1,0,1,0,1,1,1,1,1,0,0,0,1,0,0,1,0,1,0,1,1,0,0,0,0,1,0,0
81,1,1,0,0,1,0,1,1,0,1,1,0,0,1,1,1,0,0,0,0,0,0,0,1,1,1,1,0,0,1,0,1,1,0,0,1,0,0,0,1,1,1,0,1,1,1,0,1,0,1,0,1,1,0,1,0,0,1,1,1,1,0,0,0,1,0,0,1,0,1,0,0,1,0,0,0,0,1,0,0
82,1,1,0,0,0,0,1,1,1,1,1,1,0,1,1,1,1,0,0,0,0,0,1,1,0,1,0,0,0,1,0,1,1,0,0,1,0,0,0,1,1,1,0,1,1,1,0,1,0,1,0,1,1,0,1,0,0,0,1,1,1,0,1,0,1,0,0,1,0,1,0,1,0,0,0,1,0,1,1,0
83,1,1,0,0,0,0,1,0,1,1,1,1,0,1,1,1,1,0,0,0,0,0,1,1,0,1,0,0,0,1,0,1,1,0,0,1,0,0,0,1,1,1,0,1,1,1,0,1,0,1,0,1,1,0,1,0,0,0,0,1,1,0,1,0,1,0,0,1,0,1,0,1,0,0,1,1,0,1,1,0
84,1,1,0,0,0,0,1,1,0,1,1,0,0,1,1,1,0,0,0,0,0,0,0,1,1,1,0,0,0,1,0,1,1,0,0,1,0,0,0,1,1,1,0,1,1,1,0,1,0,1,0,1,1,0,1,0,0,1,1,1,1,0,1,0,1,0,0,1,0,1,0,0,1,0,0,1,0,1,0,0
85,1,1,0,0,0,0,1,0,1,1,1,1,0,1,1,0,1,0,0,0,0,0,1,1,0,1,0,1,0,1,0,1,1,0,0,1,0,1,0,1,1,1,0,1,1,1,0,1,0,1,0,1,1,0,1,0,0,0,0,1,1,0,1,0,1,1,0,1,0,0,0,1,0,0,1,1,0,1,1,0
86,1,1,0,0,0,0,1,1,1,1,1,0,0,1,1,1,0,0,0,0,0,0,1,1,0,1,1,0,0,1,0,1,1,0,0,1,0,0,0,1,1,1,0,1,1,1,0,1,0,1,0,1,1,0,1,0,0,0,1,1,1,0,1,0,1,0,0,1,0,1,0,1,1,0,0,0,0,1,0,0
87,1,1,0,0,1,0,1,1,0,1,1,0,0,1,1,1,0,0,0,0,0,0,0,1,1,1,1,0,0,1,0,1,1,0,0,1,0,0,0,1,1,1,0,1,1,1,0,1,0,1,0,1,1,0,1,0,0,1,1,1,1,0,0,0,1,0,0,1,0,1,0,0,1,0,0,0,0,1,0,1
88,1,1,0,0,1,0,1,1,0,1,1,0,0,1,1,1,0,0,0,0,0,0,1,1,1,1,1,0,0,1,0,1,1,0,0,1,0,0,0,1,1,1,0,1,1,1,0,1,0,1,0,1,1,0,1,0,0,1,1,1,1,0,0,0,1,0,0,1,0,1,0,1,1,0,0,0,0,1,0,0
89,1,1,0,0,0,0,1,1,0,1,1,0,0,1,1,0,0,0,0,0,0,0,0,1,0,1,0,0,0,1,0,1,1,0,0,1,0,0,0,1,1,1,1,1,1,1,0,1,0,1,0,1,1,1,1,0,0,0,1,1,1,0,1,0,1,0,0,1,0,1,0,0,1,0,0,1,0,1,0,0
90,1,1,0,0,0,0,1,0,1,1,1,1,0,1,1,0,1,0,0,0,0,0,1,1,0,1,0,1,0,1,0,1,1,0,0,1,0,0,0,1,0,1,1,1,1,1,0,1,0,1,0,1,1,1,1,0,0,0,0,1,1,0,1,0,1,1,0,1,0,1,0,1,0,0,1,1,0,1,1,0
91,1,1,0,0,0,0,1,1,1,1,1,1,0,1,1,1,1,0,0,0,0,0,1,1,0,1,0,0,0,1,0,1,1,0,0,1,0,0,0,1,1,1,0,1,1,1,0,1,0,1,0,1,1,0,1,0,0,0,1,1,1,0,1,0,1,1,0,1,0,1,0,1,0,0,1,0,0,1,1,0
92,0,1,0,0,1,1,0,1,0,1,1,0,0,1,1,1,0,0,0,0,1,0,0,1,1,1,1,0,0,1,0,1,1,0,0,1,0,0,0,1,1,1,0,1,1,1,0,1,0,1,0,1,1,0,1,0,1,1,1,0,1,0,0,0,1,0,0,1,0,1,0,0,1,0,0,0,0,1,0,1
93,1,1,0,0,1,0,1,1,0,1,1,0,0,1,1,1,0,0,0,0,0,0,1,1,1,1,1,0,0,1,0,1,1,0,0,1,0,0,0,1,1,1,0,1,1,1,0,1,0,1,0,1,1,0,1,0,0,1,1,1,1,0,0,0,1,0,0,1,0,1,0,1,1,0,0,0,0,1,0,0
94,1,1,0,0,0,0,1,1,0,1,1,0,0,1,1,1,0,0,0,0,0,0,0,1,1,1,1,0,0,1,0,1,1,0,0,1,0,0,0,1,1,1,0,1,1,1,0,1,0,1,0,1,1,0,1,0,0,1,1,1,1,0,1,0,1,0,0,1,0,1,0,0,1,0,0,1,0,1,0,1
95,0,1,0,0,1,0,0,1,1,1,1,0,0,1,1,1,0,0,0,0,0,0,1,1,1,1,1,0,0,1,0,1,1,0,0,1,0,0,0,1,1,1,0,1,1,1,0,1,0,1,0,1,1,0,1,0,0,0,1,1,1,0,0,0,1,0,0,1,0,1,0,1,0,0,0,0,0,1,0,0
96,1,1,0,0,1,0,1,1,0,1,1,0,0,1,1,1,0,0,0,0,0,0,1,1,1,1,1,0,0,1,0,1,1,0,0,1,0,0,0,1,1,1,0,1,1,1,0,1,0,1,0,1,1,0,1,0,0,1,1,1,1,0,0,0,1,0,0,1,0,1,0,1,1,0,0,0,0,1,0,0
97,1,1,0,0,0,0,1,1,0,1,1,0,0,1,1,1,0,0,0,0,0,0,0,1,1,1,0,0,0,1,1,1,1,0,0,1,0,0,0,1,1,1,0,1,1,1,0,1,0,1,0,1,1,0,1,0,0,1,1,1,1,0,1,0,1,0,0,1,0,1,0,0,1,0,0,1,0,1,0,1
98,1,1,0,0,1,0,1,1,1,1,1,0,0,1,1,1,0,0,0,0,0,0,1,1,0,1,1,0,0,1,0,1,1,0,0,1,0,0,0,1,1,1,0,1,1,1,0,1,0,1,0,1,1,0,1,0,0,0,1,1,1,0,0,0,1,0,0,1,0,1,0,1,0,0,0,0,0,1,0,0
99,1,1,0,0,1,0,1,1,1,1,1,0,0,1,1,1,0,0,0,0,0,0,1,1,1,1,1,0,0,1,0,1,1,0,0,1,0,0,0,1,1,1,0,1,1,1,0,1,0,1,0,1,1,0,1,0,0,1,1,1,1,0,0,0,1,0,0,1,0,1,0,1,1,0,0,0,0,1,0,0
100,1,0,1,1,0,0,1,1,0,0,0,0,1,0,0,0,0,1,1,1,0,1,0,0,1,0,0,0,1,0,1,1,0,1,1,0,0,0,1,0,0,0,1,0,1,0,0,0,0,0,1,0,0,1,0,1,0,1,1,1,1,1,1,1,1,0,1,0,1,1,1,0,1,1,0,1,1,0,0,1
101,1,0,1,1,0,0,1,1,0,0,0,0,1,0,0,0,0,1,1,0,0,1,0,0,1,0,0,0,1,0,1,1,0,0,1,0,1,0,1,0,0,0,1,0,1,0,0,0,0,0,1,0,0,1,0,1,0,1,1,1,1,1,1,1,1,0,1,0,1,1,1,0,1,1,0,1,1,0,0,1
102,1,0,1,1,0,0,1,0,0,0,0,0,1,0,0,0,0,1,1,1,0,1,0,0,1,0,0,1,1,0,1,1,0,0,1,0,1,0,1,0,0,0,1,0,0,0,0,0,1,0,1,0,0,1,0,1,0,1,0,1,0,1,1,1,1,0,1,0,1,1,1,0,1,1,0,1,1,0,0,1
103,1,0,1,1,0,0,1,0,0,0,0,0,1,0,0,0,0,1,1,1,0,1,0,0,1,0,0,1,1,0,1,1,0,1,1,0,1,0,1,0,0,0,1,0,0,0,0,0,1,0,1,0,0,1,0,1,0,1,1,1,0,1,1,1,1,0,1,0,1,1,1,0,1,1,0,1,1,0,0,1
104,1,0,1,1,0,1,1,1,0,0,0,0,1,0,0,0,0,1,1,1,1,1,0,0,1,0,0,0,1,0,1,1,0,1,1,0,0,0,1,0,0,0,1,0,1,0,1,0,1,0,1,0,0,1,0,1,0,1,1,1,0,1,1,1,1,0,1,0,1,1,1,0,1,1,0,1,1,0,0,1
105,1,0,1,1,0,0,1,0,0,0,0,0,1,0,0,0,1,1,1,1,0,1,0,0,0,0,0,1,1,0,1,1,0,0,1,0,1,0,1,0,0,0,1,0,0,0,0,0,1,0,1,0,0,1,0,1,0,1,0,1,0,1,1,1,1,0,1,0,1,1,1,0,1,1,0,1,1,0,0,1
106,1,0,1,1,0,0,1,0,0,0,0,0,1,0,0,0,1,1,1,1,0,1,0,0,1,0,0,1,1,0,1,1,0,1,1,0,1,0,1,0,0,0,1,0,0,0,0,0,1,0,1,0,0,1,0,1,0,1,0,1,0,1,1,1,1,0,1,0,1,1,1,0,1,1,0,1,1,0,0,1
107,1,0,1,1,0,0,1,0,0,0,0,0,1,0,0,0,1,1,1,1,0,1,0,0,1,0,0,1,1,0,1,1,0,0,1,0,1,0,1,0,0,0,1,0,0,0,0,0,1,0,1,0,0,1,0,1,0,1,0,1,0,1,1,1,1,0,1,0,1,1,1,0,1,1,0,1,1,0,0,1
108,1,0,1,1,0,0,1,1,0,0,0,0,1,0,0,0,0,1,1,0,0,1,0,0,1,0,0,0,1,0,1,1,0,0,1,0,0,0,1,0,0,0,1,0,1,0,0,0,0,0,1,0,0,1,0,1,0,1,1,1,1,1,1,1,1,0,1,0,1,1,1,0,1,1,0,1,1,0,0,1
109,1,0,1,1,0,0,1,1,0,0,0,0,1,0,0,0,0,1,1,1,0,1,0,0,1,0,0,0,1,0,1,1,0,1,1,0,1,0,1,0,0,0,1,0,1,0,1,0,1,0,1,0,0,1,0,1,0,1,1,1,0,1,1,1,1,0,1,0,1,1,1,0,1,1,0,1,1,0,0,1
110,1,0,1,1,0,0,1,0,0,0,0,1,1,0,0,0,1,1,1,1,0,1,0,0,0,0,0,1,1,0,1,1,0,1,1,0,1,0,1,0,0,0,1,0,0,0,0,0,1,0,1,0,0,1,0,1,0,1,0,1,0,1,1,1,1,0,1,0,1,1,1,0,1,1,0,1,1,0,0,1
111,1,0,1,1,0,0,1,1,0,0,0,0,1,0,0,0,0,1,1,1,0,1,0,0,1,0,0,0,1,0,1,1,0,0,1,0,1,0,1,0,0,0,1,0,1,0,0,0,0,0,1,0,0,1,0,1,0,1,1,1,1,1,1,1,1,0,1,0,1,1,1,0,1,1,0,1,1,0,0,1
112,1,0,1,1,0,0,1,0,0,0,0,1,1,0,0,0,1,1,1,0,0,1,0,0,0,1,0,1,1,0,1,1,0,0,1,1,1,0,1,0,0,0,1,0,0,0,0,0,0,0,1,0,0,1,0,1,0,0,0,1,1,1,1,1,0,0,1,0,0,1,1,0,1,1,0,1,1,0,0,1
113,1,0,1,1,0,0,1,0,0,0,0,0,1,0,0,0,1,1,1,1,0,1,0,0,1,0,0,1,1,0,1,1,0,0,1,0,1,0,1,0,0,0,1,0,0,0,0,0,1,0,1,0,0,1,0,1,0,1,0,1,0,1,1,1,1,0,1,0,1,1,1,0,1,1,0,1,1,0,0,1
114,1,0,1,1,0,0,1,0,0,0,0,0,1,0,0,0,0,1,1,0,0,1,0,0,1,0,0,1,1,0,1,1,0,0,1,0,1,0,1,0,0,0,1,0,1,0,0,0,0,0,1,0,0,1,0,1,0,1,1,1,1,1,1,1,1,0,1,0,1,1,1,0,1,1,0,1,1,0,0,1
115,1,0,1,1,0,0,1,0,0,0,0,0,1,0,0,0,0,1,1,1,0,1,0,0,1,0,0,1,1,0,1,1,0,1,1,0,1,0,1,0,0,0,1,0,0,0,1,0,1,0,1,0,0,1,0,1,0,1,1,1,0,1,1,1,1,0,1,0,1,1,1,0,1,1,0,1,1,0,0,1
116,1,0,1,1,0,0,1,0,0,0,0,1,1,0,0,0,1,1,1,1,0,1,0,0,0,1,0,1,1,0,1,1,0,0,1,1,1,0,1,0,0,0,1,0,0,0,0,0,0,0,1,0,0,1,0,1,0,1,0,1,0,1,1,1,0,0,1,0,1,1,1,0,1,1,0,1,1,0,0,1
117,1,0,1,1,0,0,1,0,0,0,0,1,1,0,0,0,1,1,1,1,0,1,0,0,0,0,0,1,1,0,1,1,0,0,1,0,1,0,1,0,0,0,1,0,0,0,0,0,1,0,1,0,0,1,0,1,0,1,0,1,0,1,1,1,1,0,1,0,1,1,1,0,1,1,0,1,1,0,0,1
118,1,0,1,1,0,0,1,1,0,0,0,0,1,0,0,0,0,1,1,1,0,1,0,0,1,0,0,1,1,0,1,1,0,1,1,0,1,0,1,0,0,0,1,0,0,0,0,0,1,0,1,0,0,1,0,1,0,1,1,1,0,1,1,1,1,0,1,0,1,1,1,0,1,1,0,1,1,0,0,1
119,1,0,1,1,0,0,1,1,0,0,0,0,1,0,0,0,0,1,1,0,0,1,0,0,1,0,0,0,1,0,1,1,0,1,1,0,0,0,1,0,0,0,1,0,1,0,1,0,0,0,1,0,0,1,0,1,0,1,1,1,1,1,1,1,1,0,1,0,1,1,1,0,1,1,0,1,1,0,0,1
120,1,0,1,1,0,0,1,1,0,0,0,0,1,0,0,0,0,1,1,1,0,1,0,0,1,0,0,0,1,0,1,1,0,1,1,0,0,0,1,0,0,0,1,0,1,0,1,0,1,0,1,0,0,1,0,1,0,1,1,1,0,1,1,1,1,0,1,0,1,1,1,0,1,1,0,1,1,0,0,1
121,1,0,1,1,0,0,1,0,0,0,0,0,1,0,0,0,0,1,1,0,0,1,0,0,1,0,0,1,1,0,1,1,0,0,1,0,1,0,1,0,0,0,1,0,0,0,0,0,0,0,1,0,0,1,0,1,0,1,0,1,1,1,1,1,1,0,1,0,1,1,1,0,1,1,0,1,1,0,0,1
122,1,0,1,1,0,0,1,1,0,0,0,0,1,0,0,0,0,1,1,1,0,1,0,0,1,0,0,1,1,0,1,1,0,1,1,0,1,0,1,0,0,0,1,0,0,0,1,0,1,0,1,0,0,1,0,1,0,1,1,1,0,1,1,1,1,0,1,0,1,1,1,0,1,1,0,1,1,0,0,1
123,1,0,1,1,0,1,1,1,0,0,0,0,1,0,0,0,0,1,1,1,1,1,0,0,1,0,0,0,1,0,1,1,0,1,1,0,0,0,1,0,0,0,1,0,1,0,1,0,1,0,1,0,0,1,0,1,0,1,1,1,0,1,1,1,1,0,1,0,1,1,1,0,1,1,0,1,1,0,0,1
124,1,0,1,1,0,0,1,1,0,0,0,0,1,0,0,0,0,1,1,0,0,1,0,0,1,0,0,0,1,0,1,1,0,0,1,0,0,0,1,0,0,0,1,0,1,0,0,0,0,0,0,0,0,1,0,1,0,1,1,1,1,1,1,1,1,0,1,0,1,1,1,0,1,0,0,1,1,0,0,1
125,1,0,1,1,0,0,1,1,0,0,0,0,1,0,0,0,0,1,1,1,0,1,0,0,1,0,0,0,1,0,1,1,0,1,1,0,1,0,1,0,0,0,1,0,0,0,1,0,1,0,1,0,0,1,0,1,0,1,1,1,0,1,1,1,1,0,1,0,1,1,1,0,1,1,0,1,1,0,0,1
126,1,1,1,1,0,1,1,1,0,0,0,0,1,0,0,0,0,1,1,1,1,1,0,0,1,0,0,0,1,0,1,1,0,1,1,0,0,0,1,0,0,0,1,0,1,0,1,0,0,0,0,0,0,1,0,1,0,1,1,1,1,1,1,1,1,0,1,0,1,1,0,0,1,0,0,1,1,0,0,1
127,1,0,1,1,0,0,1,0,0,0,0,0,1,0,0,0,0,1,1,1,0,1,0,0,1,0,0,1,1,0,1,1,0,0,1,0,1,0,1,0,0,0,1,0,0,0,0,0,0,0,1,0,0,1,0,1,0,1,1,1,1,1,1,1,1,0,1,0,1,1,1,0,1,1,0,1,1,0,0,1
128,1,0,1,1,0,1,1,1,0,0,0,0,1,0,0,0,0,1,1,1,1,1,0,0,1,0,0,0,1,0,1,1,0,1,1,0,0,0,1,0,0,0,1,0,1,0,1,0,1,0,1,0,0,1,0,1,1,1,1,1,1,1,1,1,1,0,1,0,1,1,1,0,1,1,0,1,1,0,0,1
129,1,0,1,0,0,0,1,1,0,0,0,0,1,0,0,0,0,1,1,0,0,1,0,0,1,0,0,0,1,0,1,1,0,0,1,0,0,0,1,0,0,0,1,0,1,0,0,0,0,0,0,0,0,1,0,1,0,1,1,1,1,1,1,1,1,0,1,1,1,1,1,0,1,0,0,1,1,0,0,1
130,1,0,1,1,0,0,1,0,0,0,0,1,1,0,0,0,1,1,1,1,0,1,0,0,0,0,0,1,1,0,1,1,0,0,1,1,1,0,1,0,0,0,1,0,0,0,0,0,1,0,1,0,0,1,0,1,0,1,0,1,0,1,1,1,1,0,1,0,1,1,1,0,1,1,0,1,1,0,0,1
131,1,0,1,1,0,0,1,1,0,0,0,0,1,0,0,0,0,1,1,0,0,1,0,0,1,0,0,0,1,0,1,1,0,0,1,0,0,0,1,0,0,0,1,0,1,0,0,0,0,0,1,0,0,1,0,1,0,1,1,1,1,1,1,1,1,0,1,0,1,1,1,0,1,1,0,1,1,0,0,1
132,1,1,1,1,0,1,1,1,0,0,0,0,1,0,0,0,0,1,1,0,1,1,0,0,1,0,1,0,1,0,1,1,0,1,1,0,0,0,1,0,0,0,1,0,1,1,1,0,0,0,0,0,0,1,0,1,1,1,1,1,1,1,1,1,1,0,1,0,1,1,0,0,1,0,0,1,1,0,0,1
133,1,1,1,1,0,1,1,1,0,0,0,0,1,0,0,0,0,1,1,0,1,1,0,0,1,0,0,0,1,0,1,1,0,1,1,0,0,0,1,0,0,0,1,0,1,0,1,0,0,0,0,0,0,1,0,1,0,1,1,1,1,1,1,1,1,0,1,1,1,1,0,0,1,0,0,1,1,0,0,1
134,1,1,1,1,0,1,1,1,0,0,0,0,1,0,0,0,0,1,1,0,1,1,0,0,1,0,0,0,1,0,1,1,0,1,1,0,0,0,1,0,0,0,1,0,1,0,1,0,0,0,0,0,0,1,0,1,0,1,1,1,1,1,1,1,1,0,1,1,1,1,0,0,1,0,0,1,1,0,0,1
135,1,0,1,1,0,0,1,1,0,0,0,0,1,0,0,0,0,1,1,1,1,1,0,0,1,0,0,0,1,0,1,1,0,1,1,0,1,0,1,0,0,0,1,0,0,0,1,0,1,0,1,0,0,1,0,1,0,1,1,1,0,1,1,1,1,0,1,0,1,1,1,0,1,1,0,1,1,0,0,1
136,1,0,1,1,0,0,1,0,0,0,0,1,1,0,0,0,1,1,1,1,0,1,0,0,0,0,0,1,1,0,1,1,0,0,1,1,1,0,1,0,0,0,1,0,0,0,0,0,1,0,1,0,0,1,0,1,0,1,0,1,0,1,1,1,1,0,1,0,1,1,1,0,1,1,0,1,1,0,0,1
137,1,0,1,1,0,0,1,0,0,0,0,0,1,0,0,0,0,1,1,1,0,1,0,0,1,0,0,1,1,0,1,1,0,1,1,0,1,0,1,0,0,0,1,0,0,0,0,0,1,0,1,0,0,1,0,1,0,1,1,1,0,1,1,1,1,0,1,0,1,1,1,0,1,1,0,1,1,0,0,1
138,1,0,1,1,0,0,1,0,0,0,0,0,1,0,0,0,0,1,1,1,0,1,0,0,1,0,0,1,1,0,1,1,0,1,1,0,1,0,1,0,0,0,1,0,0,0,0,0,1,0,1,0,0,1,0,1,0,1,1,1,0,1,1,1,1,0,1,0,1,1,1,0,1,1,0,1,1,0,0,1
139,1,0,1,1,0,0,1,1,0,0,0,0,1,0,0,0,0,1,1,1,0,1,0,0,1,0,0,0,1,0,1,1,0,0,1,0,1,0,1,0,0,0,1,0,1,0,0,0,0,0,1,0,0,1,0,1,0,1,1,1,1,1,1,1,1,0,1,0,1,1,1,0,1,1,0,1,1,0,0,1
140,1,0,1,1,0,1,1,1,0,0,0,0,1,0,0,0,0,1,1,1,1,1,0,0,1,0,0,0,1,0,1,1,0,1,1,0,0,0,1,0,0,0,1,0,1,0,1,0,1,0,1,0,0,1,0,1,0,1,1,1,0,1,1,1,1,0,1,0,1,1,1,0,1,1,0,1,1,0,0,1
141,1,0,1,1,0,0,1,1,0,0,0,0,1,0,0,0,0,1,1,0,0,1,0,0,1,0,0,0,1,0,1,1,0,0,1,0,0,0,1,0,0,0,1,0,1,0,0,0,0,0,1,0,0,1,0,1,0,1,1,1,1,1,1,1,1,0,1,0,1,1,1,0,1,0,0,1,1,0,0,1
142,1,0,1,1,0,0,1,0,0,0,0,1,1,0,0,0,1,1,1,1,0,1,0,0,0,0,0,1,1,0,1,1,0,0,1,1,1,0,1,0,0,0,1,0,0,0,0,0,1,0,1,0,0,1,0,1,0,1,0,1,0,1,1,1,1,0,1,0,1,1,1,0,1,1,0,1,1,0,0,1
143,1,0,1,1,0,0,1,0,0,0,0,0,1,0,0,0,0,1,1,0,0,1,0,0,1,0,0,1,1,0,1,1,0,0,1,0,1,0,1,0,0,0,1,0,1,0,0,0,0,0,1,0,0,1,0,1,0,1,1,1,1,1,1,1,1,0,1,0,1,1,1,0,1,1,0,1,1,0,0,1
144,1,1,1,1,0,1,1,1,0,0,0,0,1,0,0,0,0,1,1,1,1,1,0,0,1,0,0,0,1,0,1,1,0,1,1,0,0,0,1,0,0,0,1,0,1,0,1,0,0,0,0,0,0,1,0,1,1,1,1,1,1,1,1,1,1,0,1,0,1,1,0,0,1,0,0,1,1,0,0,1
145,1,0,1,1,0,0,1,0,0,0,0,0,1,0,0,0,0,1,1,0,0,1,0,0,1,0,0,1,1,0,1,1,0,0,1,0,1,0,1,0,0,0,1,0,0,0,0,0,0,0,1,0,0,1,0,1,0,1,0,1,1,1,1,1,1,0,1,0,1,1,1,0,1,1,0,1,1,0,0,1
146,1,0,1,1,0,0,1,0,0,0,0,0,1,0,0,0,0,1,1,1,0,1,0,0,1,0,0,1,1,0,1,1,0,1,1,0,1,0,1,0,0,0,1,0,0,0,0,0,1,0,1,0,0,1,0,1,0,1,1,1,0,1,1,1,1,0,1,0,1,1,1,0,1,1,0,1,1,0,0,1
147,1,0,1,1,0,0,1,0,0,0,0,1,1,0,0,0,1,1,1,1,0,1,0,0,0,0,0,1,1,0,1,1,0,0,1,1,1,0,1,0,0,0,1,0,0,0,0,0,1,0,1,0,0,1,0,1,0,1,0,1,0,1,1,1,0,0,1,0,1,1,1,0,1,1,0,1,1,0,0,1
148,1,0,1,1,0,0,1,0,0,0,0,1,1,0,0,0,1,1,1,0,0,1,0,0,0,1,0,1,1,0,1,1,0,0,1,1,1,0,1,0,0,0,1,0,0,0,0,0,0,0,1,0,0,1,0,1,0,0,0,1,0,1,1,1,0,0,1,0,0,1,1,0,1,1,0,1,1,0,0,1
149,1,0,1,1,0,0,1,1,0,0,0,0,1,0,0,0,0,1,1,1,1,1,0,0,1,0,0,0,1,0,1,1,0,1,1,0,0,0,1,0,0,0,1,0,1,0,1,0,0,0,1,0,0,1,0,1,0,1,1,1,1,1,1,1,1,0,1,0,1,1,1,0,1,1,0,1,1,0,0,1
150,1,0,0,0,0,0,1,0,1,0,0,1,1,0,1,0,1,1,1,0,0,0,1,0,0,1,0,1,1,0,1,0,1,0,0,1,1,1,0,0,0,1,1,0,0,0,0,0,0,0,1,1,0,1,1,0,0,0,0,1,1,1,1,1,0,1,0,1,0,0,1,1,0,0,1,1,0,1,1,0
151,1,0,0,0,0,0,1,0,1,1,0,1,0,0,1,0,1,1,1,0,0,0,1,0,0,1,0,1,1,1,1,0,1,0,0,1,1,1,0,0,0,1,1,0,0,0,0,1,0,0,0,1,0,1,1,0,0,0,0,1,1,1,1,1,0,1,0,1,0,0,1,1,0,0,1,1,0,1,1,0
152,1,0,0,0,0,0,1,0,1,0,0,1,1,0,1,0,1,1,1,0,0,0,1,0,0,1,0,1,1,0,1,0,1,0,0,1,1,0,0,0,0,1,1,0,0,0,0,0,0,0,0,1,0,1,1,0,0,0,0,1,1,1,1,1,0,0,0,1,0,1,1,1,0,0,1,1,0,1,1,0
153,1,0,0,0,0,0,1,0,1,0,0,1,1,0,1,0,1,1,1,0,0,0,1,0,0,1,0,1,1,0,1,0,1,0,0,1,1,0,1,0,0,1,1,0,0,0,0,0,0,0,1,1,0,1,1,0,0,0,0,1,1,1,1,1,0,0,0,1,0,1,1,0,0,1,1,1,0,0,1,0
154,1,0,0,0,0,0,1,0,1,0,0,1,1,0,1,0,1,1,1,0,0,0,1,0,0,1,0,1,1,0,1,0,1,0,0,1,1,0,1,0,0,1,1,0,0,0,0,0,0,0,1,1,0,1,1,0,0,0,0,1,1,1,1,1,0,0,0,1,0,1,1,0,0,0,1,1,0,0,1,0
155,1,0,0,0,0,0,1,0,1,0,0,1,1,0,1,0,1,1,1,0,0,0,1,0,0,1,0,1,1,0,1,0,1,0,0,1,1,1,0,0,0,1,1,0,0,0,0,0,0,0,0,1,0,1,1,0,0,0,0,1,1,1,1,1,0,1,0,1,0,1,1,1,0,0,1,1,0,1,1,0
156,1,0,0,0,0,0,1,0,1,1,0,1,0,1,1,0,1,1,1,0,0,0,1,0,0,1,0,1,1,1,1,0,1,0,0,1,1,1,0,0,0,1,1,0,0,0,0,1,0,0,0,1,0,1,1,0,0,0,0,1,1,1,1,1,0,1,0,1,0,0,1,1,0,0,1,1,0,1,1,0
157,1,0,0,0,0,0,1,0,1,0,0,1,1,0,1,0,1,1,1,0,0,0,1,0,0,1,0,1,1,0,1,0,1,0,0,1,1,0,0,0,0,1,1,0,0,0,0,0,0,0,0,1,0,1,1,0,0,0,0,1,1,1,1,1,0,0,0,1,0,1,1,0,0,0,1,1,0,0,1,0
158,1,0,0,0,0,0,1,0,1,1,0,1,0,0,1,0,1,1,1,0,0,0,1,0,0,1,0,1,1,1,1,0,1,0,0,1,1,1,0,0,0,1,1,0,0,0,0,1,0,0,0,1,0,1,1,0,0,0,0,1,1,1,1,1,0,1,0,1,0,0,1,1,0,0,1,1,0,1,1,0
159,1,0,0,0,0,0,1,0,1,0,0,1,1,0,1,0,1,1,1,0,0,0,1,0,0,1,0,1,1,0,1,0,1,0,0,1,1,1,1,0,0,1,1,0,0,0,0,0,0,0,1,1,0,1,1,1,0,0,0,1,1,1,1,1,0,1,0,1,0,0,1,1,0,1,1,1,0,0,1,0
160,1,0,0,0,0,0,1,0,1,1,0,1,0,0,1,0,1,1,1,0,0,0,1,0,0,1,0,1,1,1,1,0,1,0,0,1,1,1,0,0,0,1,1,0,0,0,0,0,0,0,0,1,0,1,1,0,0,0,0,1,1,1,1,1,0,1,0,1,0,0,1,1,0,0,1,1,0,1,1,0
161,1,0,0,0,0,0,1,0,1,0,0,1,1,0,1,0,1,1,1,0,0,0,1,0,0,1,0,1,1,0,1,0,1,0,0,1,1,0,0,0,0,1,1,0,0,0,0,0,0,0,0,1,0,1,1,0,0,0,0,1,1,1,1,1,0,0,0,1,0,1,1,1,0,0,1,1,0,1,1,0
162,1,0,0,0,0,0,1,0,1,1,0,1,0,1,1,0,1,1,1,0,0,0,1,0,0,1,0,1,1,1,1,0,1,0,0,1,1,1,0,0,0,1,1,0,0,0,0,1,0,0,0,1,0,1,1,0,0,0,0,1,1,1,1,1,0,1,0,1,0,0,1,1,0,0,1,1,0,1,1,0
163,1,0,0,0,0,0,1,0,1,0,0,1,1,0,1,0,1,1,1,0,0,0,1,0,0,1,0,1,1,0,1,0,1,0,0,1,1,0,0,0,0,1,1,0,0,0,0,0,0,0,0,1,0,1,1,0,0,0,0,1,1,1,1,1,0,0,0,1,0,1,1,0,0,0,1,1,0,1,1,0
164,1,0,0,0,0,0,1,0,1,0,0,1,1,0,1,0,1,1,1,0,0,0,1,0,0,1,0,1,1,0,1,0,1,0,0,1,1,0,1,0,0,1,1,0,0,0,0,0,0,0,1,1,0,1,1,0,0,0,0,1,1,1,1,1,0,0,0,1,0,1,1,0,0,0,1,1,0,0,1,0
165,1,0,0,0,0,0,1,0,1,0,0,1,1,0,1,0,1,1,1,0,0,0,1,0,0,1,0,1,1,0,1,0,1,0,0,1,1,0,0,0,0,1,1,0,0,0,0,0,0,0,0,1,0,1,1,0,0,0,0,1,1,1,1,1,0,0,0,1,0,1,1,1,0,0,1,1,0,0,1,0
166,1,0,0,0,0,0,1,0,1,1,0,1,0,0,1,0,1,1,1,0,0,0,1,0,0,1,0,1,1,1,1,0,1,0,0,1,1,1,0,0,0,1,1,0,0,0,0,1,0,0,1,1,0,1,1,0,0,0,0,1,1,1,1,1,0,1,0,1,0,0,1,1,0,0,1,1,0,1,1,0
167,1,0,0,0,0,0,1,0,1,0,0,1,1,0,1,0,1,1,1,0,0,0,1,0,0,1,0,1,1,0,1,0,1,0,0,1,1,1,1,0,0,1,1,0,0,0,0,0,0,0,1,1,0,1,1,0,0,0,0,1,1,1,1,1,0,1,0,1,0,0,1,1,0,1,1,1,0,1,1,0
168,1,0,0,0,0,0,1,0,1,0,0,1,1,0,1,0,1,1,1,0,0,0,1,0,0,1,0,1,1,1,1,0,1,0,0,1,1,1,0,0,0,1,1,0,0,0,0,0,0,0,1,1,0,1,1,0,0,0,0,1,1,1,1,1,0,1,0,1,0,0,1,1,0,1,1,1,0,1,1,0
169,1,0,0,0,0,0,1,0,1,0,0,1,1,0,1,0,1,1,1,0,0,0,1,0,0,1,0,1,1,0,1,0,1,0,0,1,1,1,1,0,0,1,1,0,0,0,0,0,0,0,1,1,0,1,1,0,0,0,0,1,1,1,1,1,0,1,0,1,0,0,1,1,0,1,1,1,0,0,1,0
170,1,0,0,0,0,0,1,0,1,1,0,1,0,0,1,0,1,1,1,0,0,0,1,0,0,1,0,1,1,1,1,0,1,0,0,1,1,1,0,0,0,1,1,0,0,0,0,0,0,0,0,1,0,1,1,0,0,0,0,1,1,1,1,1,0,1,0,1,0,0,1,1,0,0,1,1,0,1,1,0
171,1,0,0,0,0,0,1,0,1,1,0,1,0,0,1,0,1,1,1,0,0,0,1,0,0,1,0,1,1,1,1,0,1,0,0,1,1,1,0,0,0,1,1,0,0,0,0,0,0,0,0,1,0,1,1,0,0,0,0,1,1,1,1,1,0,1,0,1,0,0,1,1,0,0,1,1,0,1,1,0
172,1,0,0,0,0,0,1,0,1,0,0,1,1,0,0,0,1,1,1,0,0,0,1,0,0,1,0,1,1,0,1,0,1,0,0,1,1,0,1,0,0,1,1,0,0,0,0,0,0,0,1,0,0,1,1,1,0,0,0,1,1,1,1,1,0,0,0,1,0,1,1,0,0,1,1,1,0,0,1,0
173,1,0,0,0,0,0,1,0,1,0,0,1,1,0,1,0,1,1,1,0,0,0,1,0,0,1,0,1,1,0,1,0,1,0,0,1,1,0,1,0,0,1,1,0,0,0,0,0,0,0,1,1,0,1,1,1,0,0,0,1,1,1,1,1,0,0,0,1,0,1,1,0,0,1,1,1,0,0,1,0
174,1,0,0,0,0,0,1,0,1,0,0,1,1,0,1,0,1,1,1,0,0,0,1,0,0,1,0,1,1,1,1,0,1,0,0,1,1,1,0,0,0,1,1,0,0,0,0,0,0,0,1,1,0,1,1,0,0,0,0,1,1,1,1,1,0,1,0,1,0,0,1,1,0,0,1,1,0,1,1,0
175,1,0,0,0,0,0,1,0,1,1,0,1,0,0,1,0,1,1,1,0,0,0,1,0,0,1,0,1,1,1,1,0,1,0,0,1,1,1,0,0,0,1,1,0,0,0,0,1,0,0,1,1,0,1,1,0,0,0,0,1,1,1,1,1,0,1,0,1,0,0,1,1,0,1,1,1,0,1,1,0
176,1,0,0,0,0,0,1,0,0,0,0,1,1,0,0,0,1,1,1,0,0,1,0,0,0,1,0,1,1,0,1,1,1,0,0,1,1,0,1,0,0,0,1,0,0,0,0,0,0,0,1,0,0,1,1,1,0,0,0,1,1,1,1,1,0,0,0,1,0,1,1,0,1,1,0,1,0,0,1,1
177,1,0,0,0,0,0,1,0,1,0,0,1,1,0,1,0,1,1,1,0,0,0,1,0,0,1,0,1,1,0,1,1,1,0,0,1,1,0,0,0,0,1,1,0,0,0,0,0,0,0,0,1,0,1,1,0,0,0,0,1,1,1,1,1,0,0,0,1,0,1,1,0,0,0,1,1,0,0,1,0
178,1,0,0,0,0,0,1,0,1,0,0,1,1,0,1,0,1,1,1,0,0,0,1,0,0,1,0,1,1,1,1,0,1,0,0,1,1,1,0,0,0,1,1,0,0,0,0,0,0,0,1,1,0,1,1,0,0,0,0,1,1,1,1,1,0,1,0,1,0,0,1,1,0,0,1,1,0,1,1,0
179,1,0,0,0,0,0,1,0,1,1,1,1,0,1,1,0,1,1,1,0,0,0,1,0,0,1,0,1,0,1,0,1,1,0,0,1,1,1,0,1,0,1,1,0,0,1,0,1,0,1,0,1,0,1,1,0,0,0,0,1,1,1,1,1,0,1,0,1,0,0,1,1,0,0,1,1,0,1,1,0
180,1,0,0,0,0,0,1,0,1,0,0,1,1,0,1,0,1,1,1,0,0,0,1,0,0,1,0,1,1,0,1,0,1,0,0,1,1,1,0,0,0,1,1,0,0,0,0,0,0,0,1,1,0,1,1,0,0,0,0,1,1,1,1,1,0,1,0,1,0,0,1,1,0,0,1,1,0,1,1,0
181,1,0,0,0,0,0,1,0,1,1,0,1,0,0,1,0,1,1,1,0,0,0,1,0,0,1,0,1,1,1,1,0,1,0,0,1,1,1,0,0,0,1,1,0,0,0,0,0,0,0,0,1,0,1,1,0,0,0,0,1,1,1,1,1,0,1,0,1,0,0,1,1,0,0,1,1,0,1,1,0
182,1,0,0,0,0,0,1,0,1,0,0,1,1,0,1,0,1,1,1,0,0,0,1,0,0,1,0,1,1,0,1,0,1,0,0,1,1,0,1,0,0,1,1,0,0,0,0,0,0,0,1,1,0,1,1,0,0,0,0,1,1,1,1,1,0,0,0,1,0,1,1,0,0,1,1,1,0,0,1,0
183,1,0,0,0,0,0,1,0,1,0,0,1,1,0,1,0,1,1,1,0,0,0,1,0,0,1,0,1,1,0,1,0,1,0,0,1,1,1,1,0,0,1,1,0,0,0,0,0,0,0,1,1,0,1,1,0,0,0,0,1,1,1,1,1,0,1,0,1,0,0,1,1,0,1,1,1,0,1,1,0
184,1,0,0,0,0,0,1,0,1,1,0,1,0,1,1,0,1,1,1,0,0,0,1,0,0,1,0,1,1,1,1,0,1,0,0,1,1,1,0,0,0,1,1,0,0,0,0,1,0,0,0,1,0,1,1,0,0,0,0,1,1,1,1,1,0,1,0,1,0,0,1,1,0,0,1,1,0,1,1,0
185,1,0,0,0,0,0,1,0,1,0,0,1,1,0,1,0,1,1,1,0,0,0,1,0,0,1,0,1,1,1,1,0,1,0,0,1,1,1,0,0,0,1,1,0,0,0,0,0,0,0,1,1,0,1,1,0,0,0,0,1,1,1,1,1,0,1,0,1,0,0,1,1,0,1,1,1,0,1,1,0
186,1,0,0,0,0,0,1,0,1,1,1,1,0,1,1,0,1,1,1,0,0,0,1,0,0,1,0,1,1,1,1,0,1,0,0,1,1,1,0,0,0,1,1,0,0,0,0,1,0,0,0,1,0,1,1,0,0,0,0,1,1,1,1,1,0,1,0,1,0,0,1,1,0,0,1,1,0,1,1,0
187,1,0,0,0,0,0,1,0,1,0,0,1,1,0,1,0,1,1,1,0,0,0,1,0,0,1,0,1,1,0,1,0,1,0,0,1,1,1,1,0,0,1,1,0,0,0,0,0,0,0,1,1,0,1,1,0,0,0,0,1,1,1,1,1,0,1,0,1,0,0,1,1,0,1,1,1,0,1,1,0
188,1,0,0,0,0,0,1,0,1,1,0,1,0,1,1,0,1,1,1,0,0,0,1,0,0,1,0,1,1,1,1,1,1,0,0,1,1,0,0,0,0,1,1,0,0,0,0,0,0,0,0,1,0,1,1,0,0,0,0,1,1,1,1,1,0,0,0,1,0,1,1,1,0,0,1,1,0,1,1,0
189,1,0,0,0,0,0,1,0,1,1,0,1,0,0,1,0,1,1,1,0,0,0,1,0,0,1,0,1,1,1,1,0,1,0,0,1,1,1,0,0,0,1,1,0,0,0,0,0,0,0,1,1,0,1,1,0,0,0,0,1,1,1,1,1,0,1,0,1,0,0,1,1,0,0,1,1,0,1,1,0
190,1,0,0,0,0,0,1,0,1,1,1,1,0,1,1,0,1,1,1,0,0,0,1,0,0,1,0,1,1,1,1,0,1,0,0,1,1,1,0,0,0,1,1,0,0,0,0,1,0,1,0,1,0,1,1,0,0,0,0,1,1,1,1,1,0,1,0,1,0,0,1,1,0,0,1,1,0,1,1,0
191,1,0,0,0,0,0,1,0,1,1,1,1,0,1,1,0,1,1,1,0,0,0,1,0,0,1,0,1,1,1,0,1,1,0,0,1,1,0,0,1,0,1,1,0,1,1,0,1,0,1,0,1,0,1,1,0,0,0,0,1,1,1,1,1,0,1,0,1,0,1,0,1,0,0,1,1,0,1,1,0
192,1,0,0,0,0,0,1,0,1,1,0,1,0,0,1,0,1,1,1,0,0,0,1,0,0,1,0,1,1,1,1,0,1,0,0,1,1,1,0,0,0,1,1,0,0,0,0,0,0,0,0,1,0,1,1,0,0,0,0,1,1,1,1,1,0,1,0,1,0,0,1,1,0,0,1,1,0,1,1,0
193,1,0,0,0,0,0,1,0,1,1,0,1,0,1,1,0,1,1,1,0,0,0,1,0,0,1,0,1,1,1,1,0,1,0,0,1,1,1,0,0,0,1,1,0,0,0,0,1,0,0,0,1,0,1,1,0,0,0,0,1,1,1,1,1,0,1,0,1,0,0,1,1,0,0,1,1,0,1,1,0
194,1,0,0,0,0,0,1,0,1,0,0,1,1,0,1,0,1,1,1,0,0,0,1,0,0,1,0,1,1,0,1,0,1,0,0,1,1,1,1,0,0,1,1,0,0,0,0,0,0,0,1,1,0,1,1,0,0,0,0,1,1,1,1,1,0,1,0,1,0,0,1,1,0,1,1,1,0,0,1,0
195,1,0,0,0,0,0,1,0,1,0,0,1,1,0,1,0,1,1,1,0,0,0,1,0,0,1,0,1,1,0,1,0,1,0,0,1,1,0,0,0,0,1,1,0,0,0,0,0,0,0,0,1,0,1,1,0,0,0,0,1,1,1,1,1,0,0,0,1,0,1,1,0,0,0,1,1,0,0,1,0
196,1,0,0,0,0,0,1,0,1,0,0,1,1,0,1,0,1,1,1,0,0,0,1,0,0,1,0,1,1,1,1,0,1,0,0,1,1,1,0,0,0,1,1,0,0,0,0,0,0,0,0,1,0,1,1,0,0,0,0,1,1,1,1,1,0,1,0,1,0,0,1,1,0,0,1,1,0,1,1,0
197,1,0,0,0,0,0,1,0,1,0,0,1,1,0,1,0,1,1,1,0,0,0,1,0,0,1,0,1,1,0,1,0,1,0,0,1,1,0,1,0,0,1,1,0,0,0,0,0,0,0,1,1,0,1,1,1,0,0,0,1,1,1,1,1,0,0,0,1,0,1,1,0,0,1,1,1,0,0,1,0
198,1,0,0,0,0,0,1,0,1,0,0,1,1,0,1,0,1,1,1,0,0,0,1,0,0,1,0,1,1,1,1,0,1,0,0,1,1,1,0,0,0,1,1,0,0,0,0,0,0,0,1,1,0,1,1,0,0,0,0,1,1,1,1,1,0,1,0,1,0,0,1,1,0,0,1,1,0,1,1,0
199,1,0,0,0,0,0,1,0,1,1,0,1,0,0,1,0,1,1,1,0,0,0,1,0,0,1,0,1,1,1,1,0,1,0,0,1,1,1,0,0,0,1,1,0,0,0,0,1,0,0,0,1,0,1,1,0,0,0,0,1,1,1,1,1,0,1,0,1,0,0,1,1,0,0,1,1,0,1,1,0
200,1,0,0,0,0,0,1,0,0,0,0,1,1,0,1,0,1,1,1,0,0,0,0,0,0,1,0,1,1,0,1,1,1,0,0,1,1,0,0,0,0,1,1,0,1,0,0,0,0,0,0,1,0,1,1,0,0,0,0,1,1,1,1,1,1,0,0,1,0,1,1,0,1,0,0,1,0,0,1,1
201,1,1,0,0,0,0,1,1,0,1,0,0,0,1,1,0,0,0,0,0,0,1,0,1,1,1,0,0,1,0,1,1,1,0,0,1,0,0,0,1,0,1,1,1,1,1,0,0,0,1,0,1,1,1,1,0,0,1,1,1,1,1,1,0,1,0,0,1,0,1,0,0,1,0,0,1,0,1,0,1
202,0,1,0,0,1,1,1,1,0,1,0,0,0,1,0,1,0,0,0,0,1,1,0,1,1,0,1,0,1,0,1,1,1,0,0,0,0,0,0,1,1,0,1,1,1,1,1,0,0,1,0,0,1,0,1,0,1,1,1,1,1,0,1,0,1,0,1,1,1,1,0,0,1,0,0,1,0,0,0,1
203,1,0,0,0,0,0,1,0,0,0,0,1,0,1,1,0,1,1,1,0,0,1,0,0,0,1,0,0,1,0,1,1,1,0,0,1,0,0,0,1,0,1,1,0,1,1,0,0,0,0,0,1,0,1,1,0,0,0,0,1,1,1,1,1,1,0,0,1,0,1,0,0,1,0,0,1,0,0,0,1
204,1,0,0,0,0,0,1,1,0,0,0,0,1,0,0,0,0,1,1,0,0,1,0,0,1,0,0,0,1,0,1,1,1,0,0,0,0,0,1,0,0,0,1,0,1,0,0,0,0,0,0,0,0,1,0,1,0,1,1,1,1,1,1,1,1,0,1,1,1,1,0,0,1,0,0,1,1,0,0,1
205,1,0,0,0,0,0,1,1,0,0,0,0,1,0,0,0,0,1,1,0,0,1,0,0,1,1,0,0,1,0,1,1,1,0,0,1,0,0,0,0,0,0,1,0,1,1,0,0,0,0,0,0,0,1,1,1,0,1,1,1,1,1,1,1,1,0,1,1,0,1,0,0,1,0,0,1,1,0,0,1
206,1,1,0,0,0,0,1,1,0,0,0,0,1,0,0,0,0,1,0,0,1,1,0,0,1,0,0,0,1,0,1,1,1,0,0,0,0,0,0,1,0,0,1,0,1,1,1,0,0,0,0,0,1,1,1,1,0,1,1,1,1,1,1,0,1,0,1,1,1,1,0,0,1,0,0,1,1,0,0,1
207,1,1,0,0,0,0,1,1,0,0,0,0,0,1,0,0,0,1,1,0,0,1,0,0,1,1,0,0,1,0,1,1,1,0,0,1,0,0,0,1,0,0,1,0,1,1,0,0,0,0,0,0,1,1,1,0,0,1,1,1,1,1,1,0,1,0,0,1,0,1,0,0,1,0,0,1,0,0,0,1
208,1,1,0,0,0,0,1,1,0,0,0,0,0,1,0,0,0,1,1,0,0,1,0,0,1,1,0,0,1,0,1,1,1,0,0,1,0,0,0,1,0,0,1,0,1,1,0,0,0,0,0,0,1,1,1,0,0,1,1,1,1,1,1,0,1,0,0,1,0,1,0,0,1,0,0,1,0,0,0,1
209,1,0,0,0,0,0,1,0,0,0,0,1,1,0,1,0,1,1,1,0,0,1,0,0,0,1,0,1,1,0,1,1,1,0,0,1,0,0,0,0,0,1,1,0,1,1,0,0,0,0,0,1,0,1,1,0,0,0,0,1,1,1,1,1,1,0,0,1,0,1,0,0,1,0,0,1,0,0,0,1
210,1,1,0,0,0,1,1,1,0,0,0,0,1,1,0,0,0,0,0,0,1,1,0,1,1,0,1,0,1,0,1,1,1,0,0,0,0,0,0,1,1,0,1,0,1,1,1,0,0,0,0,0,1,1,1,1,1,1,1,1,1,1,1,0,1,0,1,1,1,1,0,0,1,0,0,1,0,0,0,1
211,1,0,0,0,0,0,1,0,0,0,0,1,0,1,1,0,1,1,1,0,0,1,0,0,0,1,0,1,1,0,1,1,1,0,0,1,0,0,0,0,0,1,1,0,1,1,0,0,0,0,0,1,0,1,1,0,0,0,0,1,1,1,1,1,1,0,0,1,0,1,0,0,1,0,0,1,0,0,0,1
212,1,1,0,0,0,0,1,1,0,1,0,0,0,1,1,0,0,1,0,0,0,1,0,0,1,1,0,0,1,0,1,1,1,0,0,1,0,0,0,1,0,1,1,0,1,1,0,0,0,0,0,1,1,1,1,0,0,1,1,1,1,1,1,0,1,0,0,1,0,1,0,0,1,0,0,1,0,0,0,1
213,1,1,0,0,0,0,1,1,0,0,0,0,1,1,0,0,0,1,1,0,0,1,0,0,1,1,0,0,1,0,1,1,1,0,0,1,0,0,0,1,0,0,1,0,1,1,0,0,0,0,0,0,1,1,1,0,0,1,1,1,1,1,1,0,1,0,1,1,0,1,0,0,1,0,0,1,0,0,0,1
214,1,0,0,0,0,0,1,0,0,0,0,1,1,0,1,0,1,1,1,0,0,1,0,0,0,1,0,1,1,0,1,1,1,0,0,1,0,0,0,0,0,1,1,0,1,1,0,0,0,0,0,1,0,1,1,0,0,0,0,1,1,1,1,1,1,0,0,1,0,1,0,0,1,0,0,1,0,0,0,1
215,1,1,0,0,0,0,1,1,0,0,0,0,0,1,1,0,0,1,1,0,0,1,0,0,0,1,0,0,1,0,1,1,1,0,0,1,0,0,0,1,0,1,1,0,1,1,0,0,0,0,0,1,1,1,1,0,0,1,1,1,1,1,1,0,1,0,0,1,0,1,0,0,1,0,0,1,0,0,0,1
216,1,1,0,0,0,0,1,1,0,0,0,0,1,1,0,0,0,1,1,0,0,1,0,0,1,1,0,0,1,0,1,1,1,0,0,1,0,0,0,1,0,0,1,0,1,1,0,0,0,0,0,0,1,1,1,0,0,1,1,1,1,1,1,0,1,0,1,1,0,1,0,0,1,0,0,1,0,0,0,1
217,1,0,0,0,0,0,1,0,0,0,0,1,1,0,0,0,1,1,1,0,0,1,0,0,0,1,0,1,1,0,1,1,1,0,0,1,0,0,0,0,0,0,1,0,1,0,0,0,0,0,0,0,0,1,1,0,0,0,0,1,1,1,1,1,1,0,0,1,0,1,1,0,1,0,0,1,0,0,0,1
218,1,0,0,0,0,0,1,0,0,0,0,1,1,0,0,0,1,1,1,0,0,1,0,0,0,1,0,1,1,0,1,1,1,0,0,1,0,0,0,0,0,0,1,0,1,1,0,0,0,0,0,0,0,1,1,0,0,0,0,1,1,1,1,1,1,0,0,1,0,1,0,0,1,0,0,1,0,0,0,1
219,1,1,0,0,0,0,1,1,0,1,1,0,0,1,1,0,0,0,0,0,0,1,0,1,1,1,0,0,1,0,1,1,1,0,0,1,0,0,0,1,1,1,1,1,1,1,0,1,0,1,0,1,1,1,1,0,0,1,1,1,1,0,1,0,1,0,0,1,0,1,0,0,1,0,0,1,0,1,0,1
220,1,1,0,0,0,0,1,0,0,1,1,1,0,1,1,0,1,1,1,0,0,0,0,0,0,1,0,0,1,0,1,1,1,0,0,1,0,0,0,1,0,1,1,0,1,1,0,1,0,1,0,1,1,1,1,0,0,0,0,1,1,1,1,0,1,0,0,1,0,1,0,0,1,0,0,1,0,1,0,1
221,1,1,0,0,0,0,1,1,0,0,0,0,1,1,0,0,0,1,0,0,1,1,0,1,1,0,0,0,1,0,1,1,1,0,0,0,0,0,0,1,0,0,1,0,1,1,0,0,0,0,0,0,1,1,1,1,0,1,1,1,1,1,1,0,1,0,1,1,1,1,0,0,1,0,0,1,0,0,0,1
222,1,1,0,0,0,0,1,1,0,0,0,0,0,1,0,0,0,0,0,0,1,1,0,1,1,0,1,0,1,0,1,1,1,0,0,0,0,0,0,1,1,0,1,1,1,1,0,0,0,0,0,0,1,1,1,0,1,1,1,1,1,0,1,0,1,0,1,1,1,1,0,0,1,0,0,1,0,0,0,1
223,1,1,0,0,0,0,1,1,0,0,0,0,0,1,0,1,0,0,0,0,1,1,0,1,1,0,1,0,1,0,1,1,1,0,0,0,0,0,0,1,1,0,1,1,1,1,0,0,0,1,0,0,1,1,1,0,1,1,1,1,1,0,1,0,1,0,1,1,0,1,0,0,1,0,0,1,0,0,0,1
224,1,1,0,0,0,0,1,1,0,0,0,0,0,1,0,0,0,1,1,0,0,1,0,0,1,1,0,0,1,0,1,1,1,0,0,1,0,0,0,1,0,0,1,0,1,1,0,0,0,0,0,0,0,1,1,0,0,1,1,1,1,1,1,1,1,0,0,1,0,1,0,0,1,0,0,1,0,0,0,1
225,1,0,0,0,0,0,1,0,0,0,0,1,1,0,0,0,1,1,1,0,0,1,0,0,0,1,0,1,1,0,1,1,1,0,0,1,1,0,0,0,0,0,1,0,1,0,0,0,0,0,0,0,0,1,1,1,0,0,0,1,1,1,1,1,1,0,0,1,0,1,1,0,1,0,0,1,0,0,0,1
226,1,1,0,0,0,0,1,1,0,0,0,0,1,0,0,0,0,1,1,0,0,1,0,0,1,1,0,0,1,0,1,1,1,0,0,1,0,0,0,0,0,0,1,0,1,1,0,0,0,0,0,0,0,1,1,1,0,1,1,1,1,1,1,1,1,0,1,1,0,1,0,0,1,0,0,1,0,0,0,1
227,1,1,0,0,0,0,1,1,0,1,0,0,0,1,1,0,0,1,0,0,0,1,0,0,0,1,0,0,1,0,1,1,1,0,0,1,0,0,0,1,0,1,1,0,1,1,0,0,0,0,0,1,1,1,1,0,0,1,1,1,1,1,1,0,1,0,0,1,0,1,0,0,1,0,0,1,0,0,0,1
228,1,1,0,0,0,0,1,1,0,1,0,0,0,1,1,1,0,0,0,0,1,1,0,1,1,1,1,0,1,0,1,1,1,0,0,0,0,0,0,1,1,1,1,1,1,1,0,0,0,1,0,1,1,1,1,0,0,1,1,1,1,0,1,0,1,0,0,1,0,1,0,0,1,0,0,1,0,0,0,1
229,1,1,0,0,0,0,1,1,0,0,0,0,0,1,0,0,0,0,0,0,1,1,0,1,1,0,1,0,1,0,1,1,1,0,0,0,0,0,0,1,1,0,1,1,1,1,0,0,0,0,0,0,1,1,1,0,1,1,1,1,1,0,1,0,1,0,1,1,1,1,0,0,1,0,0,1,0,0,0,1
230,1,0,0,0,0,0,1,0,0,0,0,0,1,0,0,0,1,1,1,0,0,1,0,0,0,1,0,0,1,0,1,1,1,0,0,1,0,0,0,1,0,0,1,0,1,1,0,0,0,0,0,0,0,1,1,0,0,1,0,1,1,1,1,1,1,0,0,1,0,1,0,0,1,0,0,1,0,0,0,1
231,1,0,0,0,0,0,1,1,0,0,0,0,1,0,0,0,0,1,1,0,0,1,0,0,1,1,0,0,1,0,1,1,1,0,0,1,0,0,0,0,0,0,1,0,1,1,0,0,0,0,0,0,0,1,1,1,0,1,1,1,1,1,1,1,1,0,1,1,0,1,0,0,1,0,0,1,0,0,0,1
232,1,1,0,0,0,0,1,1,0,1,1,0,0,1,1,0,0,0,0,0,0,1,0,1,1,1,0,0,1,0,1,1,1,0,0,1,0,0,0,1,1,1,1,1,1,1,0,1,0,1,0,1,1,1,1,0,0,1,1,1,1,0,1,0,1,0,0,1,0,1,0,0,1,0,0,1,0,1,0,1
233,1,1,0,0,0,0,1,1,0,1,1,0,0,1,1,1,0,0,0,0,1,1,0,1,1,1,1,0,1,0,1,1,1,0,0,1,0,0,0,1,1,1,1,1,1,1,0,1,0,1,0,1,1,1,1,0,0,1,1,1,1,0,1,0,1,0,0,1,0,1,0,0,1,0,0,1,0,1,0,1
234,1,1,0,0,0,0,1,1,0,0,0,0,0,1,0,0,0,1,1,0,0,1,0,0,1,1,0,0,1,0,1,1,1,0,0,1,0,0,0,1,0,0,1,0,1,1,0,0,0,0,0,0,0,1,1,0,0,1,1,1,1,1,1,1,1,0,0,1,0,1,0,0,1,0,0,1,0,0,0,1
235,1,1,0,0,0,0,1,1,0,1,1,0,0,1,1,0,0,0,0,0,0,0,0,1,1,1,0,0,0,1,1,1,1,0,0,1,0,0,0,1,1,1,1,1,1,1,0,1,0,1,0,1,1,1,1,0,0,1,1,1,1,0,1,0,1,0,0,1,0,1,0,0,1,0,0,1,0,1,0,1
236,1,1,0,0,0,0,1,1,0,1,0,0,0,1,1,0,0,0,0,0,0,1,0,0,0,1,0,0,1,0,1,1,1,0,0,1,0,0,0,1,0,1,1,0,1,1,0,1,0,1,0,1,1,1,1,0,0,1,1,1,1,1,1,0,1,0,0,1,0,1,0,0,1,0,0,1,0,1,0,1
237,1,1,0,0,0,0,1,1,0,0,0,0,1,0,0,0,0,1,1,0,0,1,0,0,1,1,0,0,1,0,1,1,1,0,0,1,0,0,0,1,0,0,1,0,1,1,0,0,0,0,0,0,0,1,1,0,0,1,1,1,1,1,1,1,1,0,1,1,0,1,0,0,1,0,0,1,0,0,0,1
238,1,0,0,0,0,0,1,0,0,1,0,1,0,1,1,0,1,1,1,0,0,0,0,0,0,1,0,1,1,0,1,1,1,0,0,1,0,0,0,1,0,1,1,0,1,1,0,1,0,1,0,1,0,1,1,0,0,0,0,1,1,1,1,1,1,0,0,1,0,1,0,0,1,0,0,1,0,1,1,1
239,1,0,0,0,0,0,1,0,0,0,0,1,1,0,0,0,1,1,1,0,0,1,0,0,0,1,0,1,1,0,1,1,1,0,0,1,0,0,0,0,0,0,1,0,1,0,0,0,0,0,0,0,0,1,1,1,0,1,0,1,1,1,1,1,1,0,0,1,0,1,1,0,1,0,0,1,0,0,0,1
240,1,0,0,0,0,0,1,1,0,0,0,0,1,0,0,0,0,1,1,0,0,1,0,0,1,0,0,0,1,0,1,1,0,0,1,0,0,0,1,0,0,0,1,0,1,0,0,0,0,0,0,0,0,1,0,1,0,1,1,1,1,1,1,1,1,0,1,1,1,1,1,0,1,0,0,1,1,0,0,1
241,1,0,0,0,0,0,1,0,0,0,0,1,1,0,1,0,1,1,1,0,0,1,0,0,0,1,0,1,1,0,1,1,1,0,0,1,1,0,0,0,0,1,1,0,1,0,0,0,0,0,0,1,0,1,1,0,0,0,0,1,1,1,1,1,1,0,0,1,0,1,1,0,1,0,0,1,0,0,1,1
242,1,0,0,0,0,0,1,0,1,1,1,1,0,1,1,0,1,0,1,0,0,0,1,0,0,1,0,1,1,1,1,1,1,0,0,1,0,0,0,1,0,1,1,0,1,1,0,1,0,1,0,1,1,1,1,0,0,0,0,1,1,1,1,0,1,0,0,1,0,1,0,1,0,0,1,1,0,1,1,0
243,1,1,0,0,0,0,1,1,0,0,0,0,1,0,0,0,0,1,1,0,0,1,0,0,1,1,0,0,1,0,1,1,1,0,0,1,0,0,0,1,0,0,1,0,1,1,0,0,0,0,0,0,0,1,1,1,0,1,1,1,1,1,1,1,1,0,1,1,0,1,0,0,1,0,0,1,0,0,0,1
244,1,1,0,0,0,0,1,1,0,1,1,0,0,1,1,0,0,0,0,0,0,1,0,1,1,1,0,0,1,0,1,1,1,0,0,1,0,0,0,1,1,1,1,1,1,1,0,1,0,1,0,1,1,1,1,0,0,1,1,1,1,0,1,0,1,0,0,1,0,1,0,0,1,0,0,1,0,1,0,1
245,1,1,0,0,0,0,1,1,0,1,1,0,0,1,1,0,0,0,0,0,0,0,0,1,0,1,0,0,1,1,1,1,1,0,0,1,0,0,0,1,0,1,1,1,1,1,0,1,0,1,0,1,1,1,1,0,0,1,1,1,1,0,1,0,1,0,0,1,0,1,0,0,1,0,0,1,0,1,0,1
246,1,1,0,0,0,0,1,1,0,0,0,0,1,0,0,0,0,1,1,0,0,1,0,0,1,0,0,0,1,0,1,1,1,0,0,0,0,0,0,1,0,0,1,0,1,1,0,0,0,0,0,0,0,1,1,1,0,1,1,1,1,1,1,1,1,0,1,1,1,1,0,0,1,0,0,1,1,0,0,1
247,1,1,0,0,0,0,1,1,0,0,0,0,0,1,0,0,0,1,0,0,0,1,0,1,1,1,0,0,1,0,1,1,1,0,0,0,0,0,0,1,0,0,1,0,1,1,0,0,0,0,0,0,1,1,1,0,0,1,1,1,1,1,1,0,1,0,1,1,0,1,0,0,1,0,0,1,0,0,0,1
248,1,1,0,0,0,0,1,1,0,1,1,0,0,1,1,0,0,0,0,0,0,0,0,1,0,1,0,0,0,1,1,1,1,0,0,1,0,0,0,1,1,1,1,1,1,1,0,1,0,1,0,1,1,1,1,0,0,1,1,1,1,0,1,0,1,0,0,1,0,1,0,0,1,0,0,1,0,1,0,1
249,1,0,0,0,0,0,1,0,0,0,0,1,1,0,0,0,1,1,1,0,0,1,0,0,0,1,0,1,1,0,1,1,1,0,0,1,1,0,0,0,0,0,1,0,1,0,0,0,0,0,0,0,0,1,1,1,0,0,0,1,1,1,1,1,1,0,1,1,0,1,1,0,1,0,0,1,0,0,0,1
