id,Q1,Q2,Q3,Q4,Q5,Q6,Q7,Q8,Q9,Q10,Q11,Q12,Q13,Q14,Q15,Q16,Q17,Q18,Q19,Q20,Q21,Q22,Q23,Q24,Q25,Q26,Q27,Q28,Q29,Q30
0,0,0,1,1,0,0,1,0,0,0,0,0,1,0,1,0,1,0,0,1,0,0,0,0,1,1,1,0,1,0
1,1,0,1,1,0,0,1,0,0,0,0,0,1,0,1,0,1,0,0,1,0,0,0,0,0,1,1,0,1,0
2,0,0,1,1,0,0,1,0,0,0,0,0,1,0,1,0,1,0,0,1,0,0,0,0,1,1,1,0,1,0
3,0,0,1,1,0,0,1,0,0,0,0,0,1,0,1,0,1,0,0,1,0,0,0,0,1,1,1,0,1,0
4,0,0,1,1,0,0,1,0,0,0,0,0,1,0,1,0,1,0,0,1,0,0,0,0,1,1,1,0,1,0
5,0,0,1,1,0,0,1,0,0,0,0,0,1,0,1,0,1,0,0,1,0,0,0,0,1,1,1,0,1,0
6,0,0,1,1,0,0,1,0,0,0,0,0,1,0,0,0,1,0,0,1,0,0,0,0,1,1,1,0,1,0
7,0,0,1,1,0,0,1,0,0,0,0,0,1,0,1,0,1,0,0,1,0,0,0,0,1,1,1,0,1,0
8,0,0,1,1,0,0,1,0,0,0,0,0,1,0,1,0,1,0,0,1,0,0,0,0,1,1,1,0,1,0
9,0,0,1,1,0,0,1,0,0,0,0,0,1,0,1,0,1,0,0,1,0,0,0,0,1,1,1,0,1,0
10,0,0,1,1,0,0,1,0,0,0,0,0,1,0,1,0,1,0,0,1,0,0,0,0,0,1,1,0,1,0
11,0,0,1,1,0,0,1,0,0,0,0,0,1,0,1,0,1,0,0,1,0,0,0,0,1,1,1,0,1,0
12,0,0,1,1,0,0,1,0,0,0,0,0,1,0,1,0,1,0,0,1,0,0,0,0,1,1,1,0,1,0
13,0,0,1,1,0,0,1,0,0,0,0,0,1,0,1,0,1,0,0,1,0,0,0,0,1,1,1,0,1,0
14,0,0,1,1,1,0,1,0,0,0,0,0,1,0,0,0,1,0,0,1,0,1,0,0,1,1,1,0,1,0
15,0,0,1,1,0,0,1,0,0,0,0,0,1,0,1,0,1,0,0,1,0,0,0,0,1,1,1,0,1,0
16,0,0,1,1,0,0,1,0,0,0,0,0,1,0,1,0,1,0,0,1,0,0,0,0,1,1,1,0,1,0
17,0,0,1,1,0,0,1,0,0,0,0,0,1,0,0,0,1,0,0,1,0,0,0,0,1,1,1,0,1,0
18,0,0,1,1,0,0,1,0,0,0,0,0,1,0,1,0,1,0,0,1,0,0,0,0,1,1,1,0,1,0
19,0,0,1,1,0,0,1,0,0,1,0,0,1,0,1,0,1,0,0,1,0,0,0,0,1,1,1,0,1,0
20,0,0,1,1,0,0,1,0,0,0,0,0,1,0,0,0,1,0,0,1,0,0,0,0,1,1,1,0,1,0
21,0,0,1,1,0,0,1,0,0,0,0,0,1,0,1,0,1,0,0,1,0,0,0,0,1,1,1,0,1,0
22,0,0,1,1,1,0,1,0,0,1,0,0,1,0,0,0,1,0,0,1,0,1,0,0,1,1,1,0,1,0
23,0,0,1,1,0,0,1,0,0,0,0,0,1,0,1,0,1,0,0,1,0,0,0,0,1,1,1,0,1,0
24,0,0,1,1,0,0,1,0,0,0,0,0,1,0,1,0,1,0,0,1,0,0,0,0,0,1,1,0,1,0
25,0,0,1,1,0,0,1,0,0,0,0,0,1,0,1,0,1,0,0,1,0,0,0,0,0,1,1,0,1,0
26,0,0,1,1,0,0,1,0,0,0,0,0,1,0,1,0,1,0,0,1,0,0,0,0,0,1,1,0,1,0
27,0,0,1,1,1,0,1,0,0,1,0,0,1,0,0,0,1,0,0,1,0,1,0,0,1,1,1,0,1,0
28,0,0,1,1,1,0,1,0,0,0,0,0,1,0,0,0,1,0,0,1,0,0,0,0,1,1,1,0,1,0
29,0,0,1,1,0,0,1,0,0,0,0,0,1,0,1,0,1,0,0,1,0,0,0,0,0,1,1,0,1,0
30,0,0,1,1,0,0,1,0,0,0,0,0,1,0,0,0,1,0,0,1,0,0,0,0,1,1,1,0,1,0
31,0,0,1,1,0,0,1,0,0,0,0,0,1,0,1,0,1,0,0,1,0,0,0,0,0,1,1,0,1,0
32,0,0,1,1,1,0,1,0,0,1,0,0,1,0,0,0,1,0,0,1,0,0,0,0,1,1,1,0,1,0
33,0,0,1,1,0,0,1,0,0,0,0,0,1,0,1,0,1,0,0,1,0,0,0,0,1,1,1,0,1,0
34,0,0,1,1,0,0,1,0,0,0,0,0,1,0,1,0,1,0,0,1,0,0,0,0,1,1,1,0,1,0
35,0,0,1,1,0,0,1,0,0,1,0,0,1,0,1,0,1,0,0,1,0,0,0,0,1,1,1,0,1,0
36,0,0,1,1,0,0,1,0,0,0,0,0,1,0,1,0,1,0,0,1,0,0,0,0,0,1,1,0,1,0
37,0,0,1,1,0,0,1,0,0,0,0,0,1,0,1,0,1,0,0,1,0,0,0,0,0,1,1,0,1,0
38,0,0,1,1,0,0,1,0,0,0,0,0,1,0,1,0,1,0,0,1,0,0,0,0,1,1,1,0,1,0
39,0,0,1,1,0,0,1,0,0,0,0,0,1,0,1,0,1,0,0,1,0,0,0,0,1,1,1,0,1,0
40,0,0,1,1,0,0,1,0,0,0,0,0,1,0,1,0,1,0,0,1,0,0,0,0,1,1,1,0,1,0
41,0,0,1,1,1,0,1,0,0,1,0,0,1,0,0,0,1,0,0,1,0,0,0,0,1,1,1,0,1,0
42,0,0,1,1,0,0,1,0,0,0,0,0,1,0,1,0,1,0,0,1,0,0,0,0,1,1,1,0,1,0
43,0,0,1,1,0,0,1,0,0,0,0,0,1,0,1,0,1,0,0,1,0,0,0,0,0,1,1,0,1,0
44,0,0,1,1,0,0,1,0,0,0,0,0,1,0,1,0,1,0,0,1,0,0,0,0,1,1,1,0,1,0
45,0,0,1,1,0,0,1,0,0,0,0,0,1,0,1,0,1,0,0,1,0,0,0,0,1,1,1,0,1,0
46,0,0,1,1,0,0,1,0,0,0,0,0,1,0,1,0,1,0,0,1,0,0,0,0,0,1,0,0,1,0
47,0,0,1,1,0,0,1,0,0,1,0,0,1,0,0,0,1,0,0,1,0,0,0,0,1,1,1,0,1,0
48,1,0,1,1,0,0,1,0,0,0,0,0,1,0,1,0,1,0,0,1,0,0,0,0,0,1,1,0,1,0
49,0,0,1,1,1,0,1,0,0,1,0,0,1,0,0,0,1,0,0,1,0,0,0,0,1,1,1,0,1,0
50,0,0,1,0,1,0,1,1,0,1,0,1,0,0,0,0,1,0,0,0,1,1,1,1,1,1,1,0,1,1
51,0,0,1,0,1,1,1,1,0,1,0,1,0,0,0,0,1,0,0,0,1,1,1,1,1,1,1,0,1,1
52,0,0,1,0,1,1,1,1,0,1,0,1,0,0,0,0,1,0,0,0,1,1,1,1,1,1,1,0,1,1
53,0,0,0,0,1,1,1,1,0,1,0,1,0,0,0,0,1,1,0,0,1,1,1,1,1,1,1,1,1,1
54,0,0,1,0,1,1,1,1,0,1,0,1,0,0,0,0,1,0,0,0,1,1,1,1,1,1,1,0,1,1
55,0,0,1,0,1,1,1,1,0,1,0,1,0,0,0,0,1,0,0,0,1,1,1,1,1,1,1,0,1,1
56,0,0,1,0,1,1,1,1,0,1,0,1,0,0,0,0,1,0,0,0,1,1,1,1,1,1,1,0,1,1
57,0,0,1,0,1,1,1,1,0,1,0,1,0,0,0,0,1,0,0,0,1,1,1,1,1,1,1,0,1,0
58,0,0,0,0,1,1,1,1,0,1,0,1,0,0,0,0,1,1,0,0,1,1,1,1,1,1,1,1,1,1
59,0,0,1,0,1,1,1,1,0,1,0,1,0,0,0,0,1,1,0,0,1,1,1,1,1,1,1,0,1,1
60,0,0,1,0,1,1,1,1,0,1,0,1,0,0,0,0,1,0,0,0,1,1,1,1,1,1,1,0,1,1
61,0,0,1,0,1,0,1,1,0,1,0,1,0,0,0,0,1,0,0,0,1,1,1,1,1,1,1,0,0,1
62,0,0,1,0,1,1,1,1,0,1,0,1,0,0,0,0,1,1,0,0,1,1,1,1,1,1,1,1,1,1
63,0,0,1,0,1,1,1,1,0,1,0,1,0,0,0,0,1,1,0,0,1,1,1,1,1,1,1,0,1,1
64,0,0,1,0,1,1,1,1,0,1,0,1,0,0,0,0,1,1,0,0,1,1,1,1,1,1,1,0,1,1
65,0,0,1,0,1,1,1,1,0,1,0,1,0,0,0,0,1,1,0,0,1,1,1,1,1,1,1,0,0,1
66,0,0,1,0,1,1,1,1,0,1,0,1,0,0,0,0,1,0,0,0,1,1,1,1,1,1,1,0,1,1
67,0,0,1,0,1,1,1,1,0,1,0,1,0,0,0,0,1,0,0,0,1,1,1,1,1,1,1,0,1,1
68,0,0,1,0,1,1,1,1,0,1,0,1,0,0,0,0,1,0,0,0,1,1,1,1,1,1,1,0,0,1
69,0,0,1,0,1,1,1,1,0,1,0,1,0,0,0,0,1,1,0,0,1,1,1,1,1,1,1,0,0,1
70,0,0,1,0,1,1,1,1,0,1,0,1,0,0,0,0,1,0,0,0,1,1,1,1,1,1,1,1,1,1
71,0,0,1,0,1,1,1,1,0,1,0,1,0,0,0,0,1,1,0,0,1,1,1,1,1,1,1,0,1,1
72,0,0,1,0,1,1,1,1,0,1,0,1,0,0,0,0,1,0,0,0,1,1,1,1,1,1,1,0,1,0
73,0,0,1,0,1,1,1,1,0,1,0,1,0,0,0,0,1,1,0,0,1,1,1,1,1,1,1,1,0,1
74,0,0,1,0,1,1,1,1,0,1,0,1,0,0,0,0,1,0,0,0,1,1,1,1,1,1,1,0,1,1
75,0,0,1,0,1,1,1,1,0,1,0,1,0,0,0,0,1,0,0,0,1,1,1,1,1,1,1,0,1,1
76,0,0,1,0,1,0,1,1,0,1,0,1,0,0,0,0,1,0,0,1,1,1,1,1,1,1,1,0,1,0
77,0,0,0,0,1,1,1,1,0,1,0,1,0,0,0,0,1,1,0,0,1,1,1,1,1,1,1,1,1,1
78,0,0,1,0,1,1,1,1,0,1,0,1,0,0,0,0,1,1,0,0,1,1,1,1,1,1,1,0,0,1
79,0,0,1,0,1,1,1,1,0,1,0,1,0,0,0,0,1,1,0,0,1,1,1,1,1,1,1,1,1,1
80,0,0,1,0,1,1,1,1,0,1,0,1,0,0,0,0,1,0,0,0,1,1,1,1,1,1,1,0,1,1
81,0,0,1,0,1,1,1,1,0,1,0,1,0,0,0,0,1,0,0,0,1,1,1,1,1,1,1,0,1,1
82,0,0,1,0,1,1,1,1,0,1,0,1,0,0,0,0,1,1,0,0,1,1,1,1,1,1,1,0,0,1
83,0,0,1,0,1,1,1,1,0,1,0,1,0,0,0,0,1,1,0,0,1,1,1,1,1,1,1,0,0,1
84,0,0,1,0,1,1,1,1,0,1,0,1,0,0,0,0,1,0,0,0,1,1,1,1,1,1,1,0,1,1
85,0,0,0,0,1,1,1,1,0,1,0,1,0,0,0,0,1,1,0,0,1,1,1,1,1,1,1,1,0,1
86,0,0,1,0,1,1,1,1,0,1,0,1,0,0,0,0,1,0,0,0,1,1,1,1,1,1,1,0,1,1
87,0,0,1,0,1,1,1,1,0,1,0,1,0,0,0,0,1,0,0,0,1,1,1,1,1,1,1,0,1,1
88,0,0,1,0,1,1,1,1,0,1,0,1,0,0,0,0,1,0,0,0,1,1,1,1,1,1,1,0,1,1
89,0,0,1,0,1,0,1,1,0,1,0,1,0,0,0,0,1,0,0,0,1,1,1,1,1,1,1,0,0,1
90,0,0,1,0,1,1,1,1,0,1,0,1,0,0,0,0,1,1,0,0,1,1,1,1,1,1,1,0,0,1
91,0,0,1,0,1,1,1,1,0,1,0,1,0,0,0,0,1,1,0,0,1,1,1,1,1,1,1,1,1,1
92,0,0,1,0,1,1,1,0,0,1,0,1,0,0,0,0,1,0,0,0,1,1,1,1,1,1,1,0,1,0
93,0,0,1,0,1,1,1,1,0,1,0,1,0,0,0,0,1,0,0,0,1,1,1,1,1,1,1,0,1,1
94,0,0,1,0,1,0,1,1,0,1,0,1,0,0,0,0,1,0,0,0,1,1,1,1,1,1,1,0,1,0
95,0,0,0,0,1,1,1,1,0,1,0,1,0,0,0,0,1,0,0,0,1,1,1,1,1,1,1,1,1,1
96,0,0,1,0,1,1,1,1,0,1,0,1,0,0,0,0,1,0,0,0,1,1,1,1,1,1,1,0,1,1
97,0,0,1,0,1,0,1,1,0,1,0,1,0,0,0,0,1,0,0,0,1,1,1,1,1,1,1,0,0,1
98,0,0,1,0,1,1,1,1,0,1,0,1,0,0,0,0,1,0,0,0,1,1,1,1,1,1,1,1,1,1
99,0,0,1,0,1,1,1,1,0,1,0,1,0,0,0,0,1,0,0,0,1,1,1,1,1,1,1,0,1,1
100,1,0,1,1,0,0,1,1,0,0,1,0,1,1,1,1,0,0,0,1,0,0,0,0,0,0,0,0,0,0
101,1,0,1,1,0,0,1,1,0,0,1,0,1,1,1,1,0,0,0,1,0,0,0,0,0,1,1,0,0,0
102,1,0,1,1,0,0,1,1,0,0,1,0,1,1,1,1,0,0,0,1,0,0,0,0,0,0,0,0,0,0
103,1,0,1,1,0,0,0,1,0,0,1,0,1,1,1,1,0,0,0,1,0,0,0,0,0,0,0,0,0,0
104,1,0,1,1,0,0,1,0,0,0,1,0,1,1,1,1,0,0,0,1,0,0,0,0,0,0,0,0,0,0
105,1,0,1,1,0,0,1,1,0,0,1,0,1,1,1,1,0,0,0,1,0,0,0,0,0,0,0,0,0,0
106,1,0,1,1,0,0,0,1,0,0,1,0,1,1,1,1,0,0,0,1,0,0,0,0,0,0,0,0,0,0
107,1,0,1,1,0,0,1,1,0,0,1,0,1,1,1,1,0,0,0,1,0,0,0,0,0,0,0,0,0,0
108,1,0,1,1,0,0,1,1,0,0,1,0,1,1,1,0,0,0,0,1,0,0,0,0,0,1,1,0,0,0
109,1,0,1,1,0,0,1,1,0,0,1,0,1,1,1,1,0,0,0,1,0,0,0,0,0,0,0,0,0,0
110,1,0,1,1,0,0,0,1,0,0,1,0,1,1,1,1,0,0,0,1,0,0,0,0,0,0,0,0,0,0
111,1,0,1,1,0,0,1,1,0,0,1,0,1,1,1,1,0,0,0,1,0,0,0,0,0,0,0,0,0,0
112,1,0,1,1,0,0,1,1,0,0,1,1,0,1,1,0,0,0,0,1,0,0,0,0,0,0,1,0,0,1
113,1,0,1,1,0,0,1,1,0,0,1,0,1,1,1,1,0,0,0,1,0,0,0,0,0,0,0,0,0,0
114,1,0,1,1,0,0,1,1,0,0,1,0,1,1,1,0,0,0,0,1,0,0,0,0,0,1,1,0,0,0
115,1,0,1,1,0,0,0,1,0,0,1,0,1,1,1,1,0,0,0,1,0,0,0,0,0,0,0,0,0,0
116,1,0,1,1,0,0,0,1,0,0,1,0,0,1,1,1,0,0,0,1,0,0,0,0,0,0,1,0,0,1
117,1,0,1,1,0,0,1,1,0,0,1,0,1,1,1,1,0,0,0,1,0,0,0,0,0,0,1,0,0,1
118,1,0,1,1,0,0,1,1,0,0,1,0,1,1,1,1,0,0,0,1,0,0,0,0,0,0,0,0,0,0
119,1,0,1,1,0,0,1,1,0,0,1,0,1,1,1,1,0,0,0,1,0,0,0,0,0,1,0,0,0,0
120,1,0,1,1,0,0,1,1,0,0,1,0,1,1,1,1,0,0,0,1,0,0,0,0,0,0,0,0,0,0
121,1,0,1,1,0,0,1,1,0,0,1,0,1,1,1,0,0,0,0,1,0,0,0,0,0,0,1,0,0,0
122,1,0,1,1,0,0,0,1,0,0,1,0,1,1,1,1,0,0,0,1,0,0,0,0,0,0,0,0,0,0
123,1,0,1,1,0,0,1,0,0,0,1,0,1,1,1,1,0,0,0,1,0,0,0,0,0,0,0,0,0,0
124,1,0,1,1,0,0,1,1,0,0,1,0,1,1,1,0,0,0,0,1,0,0,0,0,0,1,1,0,0,0
125,1,0,1,1,0,0,1,1,0,0,1,0,1,1,1,1,0,0,0,1,0,0,0,0,0,0,0,0,0,0
126,1,0,1,1,0,0,1,0,0,0,1,0,1,1,1,1,0,0,0,1,0,0,0,0,0,1,0,0,0,0
127,1,0,1,1,0,0,1,1,0,0,1,0,1,1,1,1,0,0,0,1,0,0,0,0,0,0,1,0,0,0
128,1,0,1,1,0,0,1,0,0,0,1,0,1,1,1,1,0,0,0,1,0,0,0,0,0,0,0,0,0,0
129,1,0,1,1,0,0,1,1,0,0,1,0,1,1,1,0,0,0,0,1,0,0,0,0,0,1,1,0,0,0
130,1,0,1,1,0,0,0,1,0,0,1,0,1,1,1,1,0,0,0,1,0,0,0,0,0,0,1,0,0,1
131,1,0,1,1,0,0,1,1,0,0,1,0,1,1,1,1,0,0,0,1,0,0,0,0,0,1,1,0,0,0
132,1,0,1,1,0,0,1,0,0,0,0,0,1,1,1,0,0,0,0,1,0,0,0,0,0,1,0,0,0,0
133,1,0,1,1,0,0,1,0,0,0,0,0,1,1,1,0,0,0,0,1,0,0,0,0,0,1,1,0,0,0
134,1,0,1,1,0,0,1,0,0,0,0,0,1,1,1,0,0,0,0,1,0,0,0,0,0,1,1,0,0,0
135,1,0,1,1,0,0,0,1,0,0,1,0,1,1,1,1,0,0,0,1,0,0,0,0,0,0,0,0,0,0
136,1,0,1,1,0,0,1,1,0,0,1,0,1,1,1,1,0,0,0,1,0,0,0,0,0,0,1,0,0,1
137,1,0,1,1,0,0,0,1,0,0,1,0,1,1,1,1,0,0,0,1,0,0,0,0,0,0,0,0,0,0
138,1,0,1,1,0,0,1,1,0,0,1,0,1,1,1,1,0,0,0,1,0,0,0,0,0,0,0,0,0,0
139,1,0,1,1,0,0,1,1,0,0,1,0,1,1,1,1,0,0,0,1,0,0,0,0,0,0,0,0,0,0
140,1,0,1,1,0,0,1,0,0,0,1,0,1,1,1,1,0,0,0,1,0,0,0,0,0,0,0,0,0,0
141,1,0,1,1,0,0,1,1,0,0,1,0,1,1,1,0,0,0,0,1,0,0,0,0,0,1,1,0,0,0
142,1,0,1,1,0,0,0,1,0,0,1,0,1,1,1,1,0,0,0,1,0,0,0,0,0,0,1,0,0,1
143,1,0,1,1,0,0,1,1,0,0,1,0,1,1,1,1,0,0,0,1,0,0,0,0,0,0,1,0,0,0
144,1,0,1,1,0,0,1,0,0,0,1,0,1,1,1,1,0,0,0,1,0,0,0,0,0,1,0,0,0,0
145,1,0,1,1,0,0,1,1,0,0,1,0,1,1,1,1,0,0,0,1,0,0,0,0,0,0,1,0,0,0
146,1,0,1,1,0,0,1,1,0,0,1,0,1,1,1,1,0,0,0,1,0,0,0,0,0,0,0,0,0,0
147,1,0,1,1,0,0,0,1,0,0,1,0,1,1,1,1,0,0,0,1,0,0,0,0,0,0,0,0,0,1
148,1,0,1,1,0,0,0,1,1,0,1,0,0,1,1,1,0,0,0,1,0,0,0,0,0,0,1,0,0,1
149,1,0,1,1,0,0,1,1,0,0,1,0,1,1,1,1,0,0,0,1,0,0,0,0,0,0,0,0,0,0
150,1,1,1,1,1,0,1,1,1,0,1,1,0,1,0,0,0,1,1,0,1,1,1,1,0,1,1,0,0,1
151,1,1,1,0,1,0,1,1,1,0,0,1,0,1,0,0,0,1,1,0,1,1,1,1,0,1,1,0,0,1
152,1,0,1,1,1,0,1,1,1,0,0,1,0,1,0,0,0,1,0,0,1,1,1,1,0,1,1,0,0,1
153,1,0,1,1,1,0,1,1,1,0,1,1,0,1,0,0,0,1,0,1,1,1,1,1,0,1,1,0,0,1
154,1,0,1,1,1,0,1,1,1,0,1,1,0,1,0,0,0,1,0,1,1,1,1,1,0,1,1,0,0,1
155,1,0,1,1,1,0,1,1,1,0,0,1,0,1,0,0,0,1,1,0,1,1,1,1,0,1,1,0,0,1
156,1,1,1,0,1,0,1,1,1,0,0,1,0,1,0,0,0,1,0,0,1,1,1,1,0,1,1,0,0,1
157,1,0,1,1,1,0,1,1,1,0,1,1,0,1,0,0,0,1,0,1,1,1,1,1,0,1,1,0,0,1
158,1,1,1,0,1,0,1,1,1,0,0,1,0,1,0,0,0,1,1,0,1,1,1,1,0,1,1,0,0,1
159,1,1,1,1,1,0,0,1,1,0,1,1,0,1,0,0,0,1,1,0,1,1,1,1,0,0,1,0,0,1
160,1,1,1,1,1,0,1,1,1,0,0,1,0,1,0,0,0,1,1,0,1,1,1,1,0,1,1,0,0,1
161,1,0,1,1,1,0,1,1,1,0,0,1,0,1,0,0,0,1,0,0,1,1,1,1,0,1,1,0,0,1
162,1,0,1,1,1,0,1,1,1,0,0,1,0,1,0,0,0,1,0,0,1,1,1,1,0,1,1,0,0,1
163,1,0,1,1,1,0,1,1,1,0,0,1,0,1,0,0,0,1,0,0,1,1,1,1,0,1,1,0,0,1
164,1,0,1,1,1,0,1,1,1,0,1,1,0,1,0,0,0,1,0,1,1,1,1,1,0,1,1,0,0,1
165,1,0,1,1,1,0,1,1,1,0,1,1,0,1,0,0,0,1,1,0,1,1,1,1,0,1,1,0,0,1
166,1,1,1,0,1,0,1,1,1,0,1,1,0,1,0,0,0,1,1,0,1,1,1,1,0,1,1,0,0,1
167,1,1,1,1,1,0,0,1,1,0,1,1,0,1,0,0,0,1,1,0,1,1,1,1,0,1,1,0,0,1
168,1,1,1,1,1,0,1,1,1,0,1,1,0,1,0,0,0,1,1,0,1,1,1,1,0,1,1,0,0,1
169,1,1,1,1,1,0,0,1,1,0,1,1,0,1,0,0,0,1,1,0,1,1,1,1,0,1,1,0,0,1
170,1,1,1,1,1,0,1,1,1,0,0,1,0,1,0,0,0,1,1,0,1,1,1,1,0,1,1,0,0,1
171,1,0,1,1,1,0,1,1,1,0,0,1,0,1,0,0,0,1,0,0,1,1,1,1,0,1,1,0,0,1
172,1,0,1,1,1,0,0,1,1,0,1,1,0,1,0,0,0,1,1,1,1,1,1,1,0,1,1,0,0,1
173,1,0,1,1,1,0,0,1,1,0,1,1,0,1,0,0,0,1,1,1,1,1,1,1,0,1,1,0,0,1
174,1,1,1,1,1,0,1,1,1,0,1,1,0,1,0,0,0,1,1,0,1,1,1,1,0,1,1,0,0,1
175,1,1,1,0,1,0,0,1,1,0,1,1,0,1,0,0,0,1,1,0,1,1,1,1,0,1,1,0,0,1
176,1,0,1,1,1,0,1,1,1,0,1,1,0,1,0,0,0,1,0,1,1,1,1,1,0,1,1,0,0,1
177,1,0,1,1,1,0,1,1,1,0,0,1,0,1,0,0,0,1,0,1,1,1,1,1,0,1,1,0,0,1
178,1,1,1,1,1,0,1,1,1,0,1,1,0,1,0,0,0,1,1,0,1,1,1,1,0,1,1,0,0,1
179,1,0,1,0,1,1,1,1,1,0,0,1,0,0,0,0,1,1,0,0,1,1,1,1,1,1,1,0,0,1
180,1,1,1,1,1,0,1,1,1,0,1,1,0,1,0,0,0,1,1,0,1,1,1,1,0,1,1,0,0,1
181,1,0,1,1,1,0,1,1,1,0,0,1,0,1,0,0,0,1,0,0,1,1,1,1,0,1,1,0,0,1
182,1,0,1,1,1,0,1,1,1,0,1,1,0,1,0,0,0,1,0,1,1,1,1,1,0,1,1,0,0,1
183,1,1,1,1,1,0,0,1,1,0,1,1,0,1,0,0,0,1,1,0,1,1,1,1,0,1,1,0,0,1
184,1,1,1,0,1,0,1,1,1,0,0,1,0,1,0,0,0,1,1,0,1,1,1,1,0,1,1,0,0,1
185,1,1,1,1,1,0,0,1,1,0,1,1,0,1,0,0,0,1,1,0,1,1,1,1,0,1,1,0,0,1
186,1,1,1,0,1,0,1,1,1,0,0,1,0,1,0,0,0,1,1,0,1,1,1,1,0,1,1,0,0,1
187,1,1,1,1,1,0,0,1,1,0,1,1,0,1,0,0,0,1,1,0,1,1,1,1,0,1,1,0,0,1
188,1,0,1,1,1,0,1,1,1,0,0,1,0,1,0,0,0,1,0,0,1,1,1,1,0,1,1,0,0,1
189,1,1,1,1,1,0,1,1,1,0,1,1,0,1,0,0,0,1,1,0,1,1,1,1,0,1,1,0,0,1
190,1,0,1,0,1,0,1,1,1,0,0,1,0,0,0,0,1,1,0,0,1,1,1,1,1,1,1,0,0,1
191,1,0,1,0,1,0,1,1,1,0,0,1,0,0,0,0,1,1,0,0,1,1,1,1,1,1,1,0,0,1
192,1,1,1,1,1,0,1,1,1,0,0,1,0,1,0,0,0,1,1,0,1,1,1,1,0,1,1,0,0,1
193,1,1,1,0,1,0,1,1,1,0,0,1,0,1,0,0,0,1,1,0,1,1,1,1,0,1,1,0,0,1
194,1,1,1,1,1,0,1,1,1,0,1,1,0,1,0,0,0,1,1,0,1,1,1,1,0,1,1,0,0,1
195,1,0,1,1,1,0,1,1,1,0,0,1,0,1,0,0,0,1,0,1,1,1,1,1,0,1,1,0,0,1
196,1,1,1,1,1,0,1,1,1,0,0,1,0,1,0,0,0,1,1,0,1,1,1,1,0,1,1,0,0,1
197,1,0,1,1,1,0,1,1,1,0,1,1,0,1,0,0,0,1,0,1,1,1,1,1,0,1,1,0,0,1
198,1,1,1,1,1,0,1,1,1,0,1,1,0,1,0,0,0,1,1,0,1,1,1,1,0,1,1,0,0,1
199,1,1,1,0,1,0,1,1,1,0,1,1,0,1,0,0,0,1,1,0,1,1,1,1,0,1,1,0,0,1
200,1,0,1,1,1,0,1,1,0,0,0,1,0,1,0,0,0,1,0,1,1,1,1,1,0,1,1,0,0,1
201,1,0,1,1,1,0,1,1,0,0,0,1,0,0,0,0,1,0,0,1,1,1,1,1,1,1,1,0,0,1
202,0,0,1,1,1,0,1,0,0,0,0,0,1,0,0,0,1,0,0,1,0,1,0,0,1,1,1,0,1,0
203,1,0,1,1,1,0,1,1,0,0,0,1,0,0,0,0,1,0,0,1,1,1,1,1,0,1,1,0,0,1
204,1,0,1,1,0,0,1,1,0,0,0,0,1,1,1,0,0,0,0,1,0,0,0,0,0,1,1,0,0,0
205,1,0,1,1,0,0,1,1,0,0,0,0,0,1,0,0,0,0,0,1,0,1,1,0,0,1,1,0,0,1
206,1,0,1,1,0,0,1,0,0,0,0,0,1,1,1,0,0,0,0,1,0,0,0,0,0,1,1,0,0,0
207,1,0,1,1,1,0,1,1,0,0,0,1,0,0,0,0,1,0,0,1,0,1,1,0,0,1,1,0,0,0
208,1,0,1,1,1,0,1,1,0,0,0,1,0,0,0,0,1,0,0,1,0,1,1,0,0,1,1,0,0,1
209,1,0,1,1,1,0,1,1,0,0,0,1,0,1,0,0,0,0,0,1,1,1,1,1,0,1,1,0,0,1
210,1,0,1,1,0,0,1,0,0,0,0,0,1,0,0,0,1,0,0,1,0,0,0,0,0,1,1,0,0,0
211,1,0,1,1,1,0,1,1,0,0,0,1,0,1,0,0,0,0,0,1,1,1,1,1,0,1,1,0,0,1
212,1,0,1,1,1,0,1,1,0,0,0,1,0,0,0,0,1,0,0,1,1,1,1,1,0,1,1,0,0,1
213,1,0,1,1,1,0,1,1,0,0,0,0,1,0,0,0,1,0,0,1,0,1,1,0,0,1,1,0,0,0
214,1,0,1,1,1,0,1,1,0,0,0,1,0,1,0,0,0,0,0,1,1,1,1,1,0,1,1,0,0,1
215,1,0,1,1,1,0,1,1,0,0,0,1,0,0,0,0,1,0,0,1,1,1,1,1,0,1,1,0,0,1
216,1,0,1,1,1,0,1,1,0,0,0,0,1,0,0,0,1,0,0,1,0,1,1,0,0,1,1,0,0,0
217,1,0,1,1,1,0,1,1,0,0,0,1,0,1,0,0,0,0,0,1,1,1,1,1,0,1,1,0,0,1
218,1,0,1,1,1,0,1,1,0,0,0,1,0,1,0,0,0,0,0,1,1,1,1,1,0,1,1,0,0,1
219,0,0,1,1,1,0,1,1,0,0,0,1,0,0,0,0,1,0,0,1,1,1,1,1,1,1,1,0,0,0
220,1,0,1,1,1,0,1,1,0,0,0,1,0,0,0,0,1,0,0,1,1,1,1,1,1,1,1,0,0,1
221,1,0,1,1,0,0,1,1,0,0,0,0,1,0,0,0,1,0,0,1,0,0,0,0,0,1,1,0,0,0
222,1,0,1,1,1,0,1,0,0,0,0,0,1,0,0,0,1,0,0,1,0,1,0,0,1,1,1,0,0,0
223,0,0,1,1,1,0,1,0,0,0,0,0,1,0,0,0,1,0,0,1,0,1,1,0,1,1,1,0,0,0
224,1,0,1,1,1,0,1,1,0,0,0,1,0,0,0,0,1,0,0,1,0,1,1,0,0,1,1,0,0,1
225,1,0,1,1,1,0,1,1,0,0,0,1,0,1,0,0,0,0,0,1,1,1,1,1,0,1,1,0,0,1
226,1,0,1,1,0,0,1,1,0,0,0,0,1,1,0,0,0,0,0,1,0,1,1,0,0,1,1,0,0,0
227,1,0,1,1,1,0,1,1,0,0,0,1,0,0,0,0,1,0,0,1,1,1,1,1,0,1,1,0,0,1
228,0,0,1,1,1,0,1,1,0,0,0,0,1,0,0,0,1,0,0,1,0,1,1,0,1,1,1,0,0,0
229,1,0,1,1,1,0,1,0,0,0,0,0,1,0,0,0,1,0,0,1,0,1,0,0,1,1,1,0,0,0
230,1,0,1,1,1,0,1,1,0,0,0,1,0,1,0,0,0,0,0,1,0,1,1,0,0,1,1,0,0,1
231,1,0,1,1,0,0,1,1,0,0,0,0,0,1,0,0,0,0,0,1,0,1,1,0,0,1,1,0,0,1
232,0,0,1,1,1,0,1,1,0,0,0,1,0,0,0,0,1,0,0,1,1,1,1,1,1,1,1,0,0,0
233,0,0,1,1,1,0,1,1,0,0,0,0,1,0,0,0,1,0,0,1,1,1,1,0,1,1,1,0,0,0
234,1,0,1,1,1,0,1,1,0,0,0,1,0,0,0,0,1,0,0,1,0,1,1,0,0,1,1,0,0,1
235,0,0,1,0,1,0,1,1,0,0,0,1,0,0,0,0,1,0,0,1,1,1,1,1,1,1,1,0,0,1
236,1,0,1,1,1,0,1,1,0,0,0,1,0,0,0,0,1,0,0,1,1,1,1,1,1,1,1,0,0,1
237,1,0,1,1,1,0,1,1,0,0,0,0,0,0,0,0,0,0,0,1,0,1,1,0,0,1,1,0,0,0
238,1,0,1,1,1,0,1,1,0,0,0,1,0,0,0,0,1,0,0,1,1,1,1,1,1,1,1,0,0,1
239,1,0,1,1,1,0,1,1,0,0,0,1,0,1,0,0,0,0,0,1,0,1,1,0,0,1,1,0,0,1
240,1,0,1,1,0,0,1,1,0,0,1,0,1,1,1,0,0,0,0,1,0,0,0,0,0,1,1,0,0,0
241,1,0,1,1,1,0,1,1,0,0,0,1,0,1,0,0,0,0,0,1,1,1,1,1,0,1,1,0,0,1
242,1,0,1,0,1,0,1,1,0,0,0,1,0,0,0,0,1,1,0,0,1,1,1,1,1,1,1,0,0,1
243,1,0,1,1,0,0,1,1,0,0,0,0,1,1,0,0,0,0,0,1,0,1,1,0,0,1,1,0,0,0
244,0,0,1,1,1,0,1,1,0,0,0,1,0,0,0,0,1,0,0,1,1,1,1,1,1,1,1,0,0,1
245,0,0,1,1,1,0,1,1,0,0,0,1,0,0,0,0,1,0,0,1,1,1,1,1,1,1,1,0,0,1
246,1,0,1,1,0,0,1,1,0,0,0,0,1,1,1,0,0,0,0,1,0,0,0,0,0,1,1,0,0,0
247,1,0,1,1,1,0,1,1,0,0,0,0,1,0,0,0,1,0,0,1,0,1,1,0,0,1,1,0,0,0
248,0,0,1,0,1,0,1,1,0,0,0,1,0,0,0,0,1,0,0,0,1,1,1,1,1,1,1,0,0,1
249,1,0,1,1,0,0,1,1,0,0,0,1,0,1,0,0,0,0,0,1,0,1,1,0,0,1,1,0,0,1
