id,Q1,Q2,Q3,Q4,Q5,Q6,Q7,Q8,Q9,Q10,Q11,Q12,Q13,Q14,Q15,Q16,Q17,Q18,Q19,Q20,Q21,Q22,Q23,Q24,Q25,Q26,Q27,Q28,Q29,Q30,Q31,Q32,Q33,Q34,Q35,Q36,Q37,Q38,Q39,Q40,Q41,Q42,Q43,Q44,Q45,Q46,Q47,Q48,Q49,Q50,Q51,Q52,Q53,Q54,Q55,Q56,Q57,Q58,Q59,Q60,Q61,Q62,Q63,Q64,Q65,Q66,Q67,Q68,Q69,Q70
0,1,2,3,0,3,1,2,3,2,3,1,1,2,0,3,3,2,0,0,3,3,2,0,0,3,2,2,1,3,0,2,3,3,0,3,3,2,2,2,2,0,3,1,1,0,0,2,2,1,2,3,3,0,3,3,3,0,1,1,1,0,2,2,1,2,2,3,1,2,2
1,1,2,3,0,3,1,2,3,2,3,1,2,1,0,3,2,2,0,0,3,3,2,0,0,3,2,1,2,3,0,1,2,3,1,3,3,2,3,2,2,0,3,1,1,1,0,2,2,2,2,2,3,1,3,3,1,0,1,2,1,0,2,2,1,2,2,3,1,2,2
2,1,2,3,0,3,1,1,2,2,3,1,1,1,0,3,2,2,0,0,3,3,2,0,0,3,1,1,2,3,0,2,2,3,0,3,3,2,2,2,2,0,3,1,1,0,0,2,2,1,1,2,3,0,3,3,2,0,1,2,1,0,2,2,1,2,2,3,1,2,2
3,1,2,3,0,3,1,2,3,2,3,1,1,2,0,3,3,2,0,0,3,3,2,0,0,3,2,2,1,3,0,2,3,3,0,3,3,2,2,3,2,0,3,0,1,0,0,2,2,1,2,3,3,0,3,3,3,0,1,2,2,0,2,2,1,2,2,3,0,2,2
4,1,2,3,0,3,1,2,3,2,3,1,1,2,0,3,3,2,0,0,3,3,2,0,0,3,2,2,1,3,0,2,2,3,0,3,3,2,2,2,2,0,3,1,1,0,0,2,2,1,2,3,3,0,3,3,3,0,1,1,1,0,2,2,1,2,2,3,1,2,2
5,1,2,3,0,3,1,2,3,2,3,1,1,2,0,3,3,2,0,0,3,3,2,0,0,3,2,2,1,3,0,2,3,3,0,3,3,2,2,2,2,0,3,0,1,0,0,2,2,1,2,3,3,0,3,3,3,0,1,1,1,0,2,2,1,2,2,3,0,2,3
6,1,1,3,0,3,1,1,3,3,3,1,1,2,0,3,3,2,0,0,3,3,2,0,0,3,1,2,2,3,0,2,3,3,0,3,3,2,2,3,1,0,3,0,0,0,1,2,1,1,1,3,3,0,3,3,3,0,0,2,3,0,3,1,2,3,2,3,0,1,2
7,1,2,3,0,3,1,1,3,2,3,1,1,2,0,3,3,2,0,0,3,3,2,0,0,3,2,2,2,3,0,2,3,3,0,3,3,2,2,3,2,0,3,1,1,0,0,2,1,1,1,3,3,0,3,3,3,0,1,2,2,0,2,2,1,2,2,3,1,2,2
8,1,2,3,0,3,1,1,3,2,3,1,1,2,0,3,3,2,0,0,3,3,2,0,0,3,1,2,2,3,0,2,3,3,0,3,3,2,2,3,2,0,3,0,1,0,0,2,1,1,1,3,3,0,3,3,3,0,1,2,2,0,2,1,1,2,2,3,1,2,2
9,1,1,3,0,3,1,1,3,2,3,1,1,2,0,3,3,2,0,0,3,3,2,0,0,3,1,2,2,3,0,2,3,3,0,3,3,2,2,3,2,0,3,0,1,0,0,2,1,1,1,3,3,0,3,3,3,0,1,2,2,0,2,1,2,2,2,3,0,1,2
10,1,2,3,0,3,1,2,3,2,3,1,1,2,0,3,3,2,0,0,3,3,2,0,0,3,2,2,1,3,0,1,2,3,0,3,3,2,3,2,2,0,3,1,1,0,0,2,2,2,2,3,3,0,3,3,3,0,1,1,1,0,2,2,1,2,2,3,1,2,3
11,1,1,3,0,3,1,1,3,3,3,1,1,2,0,3,3,2,0,0,3,3,2,0,0,3,1,2,2,3,0,2,3,3,0,3,3,2,2,3,2,0,3,0,0,0,0,2,1,1,1,3,3,0,3,3,3,0,1,2,2,0,2,1,1,3,2,3,0,2,2
12,1,2,3,0,3,1,2,3,2,3,1,1,2,0,3,3,2,0,0,3,3,2,0,0,3,2,2,1,3,0,2,3,3,0,3,3,2,2,3,2,0,3,0,1,0,0,2,2,1,2,3,3,0,3,3,3,0,1,2,2,0,2,2,1,2,2,3,0,2,3
13,1,2,3,0,3,1,1,3,2,3,1,1,2,0,3,3,2,0,0,3,3,2,0,0,3,2,2,2,3,0,2,3,3,0,3,3,2,2,3,2,0,3,0,1,0,0,2,2,1,1,3,3,0,3,3,3,0,1,2,2,0,2,2,1,2,2,3,1,2,2
14,2,1,3,0,3,1,0,1,2,3,1,1,1,0,2,2,2,0,1,2,3,3,0,0,2,1,1,3,3,0,2,3,3,0,3,3,2,1,3,1,0,3,1,0,1,1,2,1,1,1,2,3,1,3,3,3,0,1,2,3,1,2,1,2,2,2,3,1,1,1
15,1,1,3,0,3,1,1,3,3,3,1,0,2,0,3,3,3,0,0,3,3,2,0,0,3,2,2,2,3,0,2,3,3,0,3,3,3,1,3,1,0,3,0,0,0,0,3,1,1,1,3,3,0,3,3,3,0,0,2,3,0,3,1,1,3,3,3,0,1,3
16,1,1,3,0,3,1,1,3,2,3,1,1,2,0,3,3,2,0,0,3,3,2,0,0,3,1,2,2,3,0,2,3,3,0,3,3,2,2,3,2,0,3,0,0,0,0,2,1,1,1,3,3,0,3,3,3,0,1,2,2,0,2,1,2,2,2,3,1,1,2
17,1,1,3,0,3,1,1,3,3,3,1,1,2,0,3,3,2,0,0,3,3,2,0,0,3,1,2,2,3,0,2,3,3,0,3,3,2,2,3,1,0,3,0,0,0,0,2,1,1,1,3,3,0,3,3,3,0,0,2,2,0,2,1,2,3,2,3,0,1,2
18,1,2,3,0,3,1,1,3,2,3,1,1,2,0,3,3,2,0,0,3,3,2,0,0,3,1,2,2,3,0,2,3,3,0,3,3,2,2,3,2,0,3,1,1,0,0,2,1,1,1,3,3,0,3,3,3,0,1,2,2,0,2,2,1,2,2,3,1,2,2
19,1,1,3,0,3,1,2,3,3,3,0,0,3,0,3,3,3,0,0,3,3,2,0,0,3,2,3,1,3,0,2,3,3,0,3,3,3,1,3,1,0,3,0,0,0,0,3,1,1,1,3,3,0,3,3,3,0,0,2,3,0,3,1,1,3,3,3,0,2,3
20,1,1,3,0,3,1,1,3,3,3,1,1,2,0,3,3,2,0,0,3,3,2,0,0,3,1,2,2,3,0,2,3,3,0,3,3,2,2,3,1,0,3,0,0,0,1,2,1,1,1,3,3,0,3,3,3,0,0,2,3,0,3,1,2,3,2,3,0,1,2
21,1,2,3,0,3,1,2,3,2,3,1,1,2,0,3,3,2,0,0,3,3,2,0,0,3,2,2,1,3,0,2,3,3,0,3,3,2,2,3,2,0,3,0,1,0,0,2,2,1,2,3,3,0,3,3,3,0,1,2,1,0,2,2,1,2,2,3,1,2,2
22,1,1,3,0,3,1,1,2,3,3,0,1,1,0,2,3,2,0,0,2,3,3,0,0,2,1,2,2,3,0,2,3,3,0,3,3,2,1,3,1,0,3,0,0,0,1,2,1,1,1,3,3,0,3,3,3,0,0,2,3,0,3,1,2,3,3,3,0,1,2
23,1,2,3,0,3,1,2,3,2,3,1,1,2,0,3,3,2,0,0,3,3,2,0,0,3,2,2,2,3,0,2,3,3,0,3,3,2,2,2,2,0,3,1,1,0,0,2,2,1,2,3,3,0,3,3,3,0,1,2,1,0,2,2,1,2,2,3,1,2,2
24,1,2,3,0,3,1,2,3,2,3,1,1,2,0,3,3,2,0,0,3,3,2,0,0,3,2,2,1,3,0,1,2,3,0,3,3,2,2,2,2,0,3,1,1,0,0,2,2,2,2,3,3,0,3,3,3,0,1,1,1,0,2,2,1,2,2,3,1,2,3
25,1,2,3,0,3,1,2,3,2,3,1,1,2,0,3,3,2,0,0,3,3,2,0,0,3,2,2,1,3,0,2,2,3,0,3,3,2,2,2,2,0,3,1,1,0,0,2,2,2,2,3,3,0,3,3,3,0,1,1,1,0,2,2,1,2,2,3,1,2,2
26,1,2,3,0,3,1,2,3,2,3,1,1,2,0,3,3,2,0,0,3,3,2,0,0,3,2,2,2,3,0,2,2,3,0,3,3,2,2,2,2,0,3,1,1,0,0,2,2,2,2,3,3,0,3,3,3,0,1,1,1,0,2,2,1,2,2,3,1,2,2
27,2,1,3,0,3,1,1,2,3,3,1,1,1,0,2,2,2,0,0,2,3,3,0,0,2,1,1,3,3,0,2,3,3,0,3,3,2,1,3,1,0,3,1,0,1,1,2,1,1,1,2,3,0,3,3,3,0,1,2,3,1,2,1,2,2,2,3,1,1,1
28,1,1,3,0,3,1,1,2,3,3,1,1,1,0,3,3,2,0,0,2,3,2,0,0,3,1,2,2,3,0,2,3,3,0,3,3,2,2,3,1,0,3,0,0,0,1,2,1,1,1,3,3,0,3,3,3,0,1,2,3,0,2,1,2,3,2,3,0,1,2
29,1,2,3,0,3,1,2,3,2,3,1,1,2,0,3,3,2,0,0,3,3,2,0,0,3,2,2,1,3,0,1,3,3,0,3,3,2,2,2,2,0,3,0,1,0,0,2,2,2,2,3,3,0,3,3,3,0,1,1,1,0,2,2,1,2,2,3,0,2,3
30,1,1,3,0,3,1,1,2,2,3,1,1,1,0,3,3,2,0,0,2,3,2,0,0,3,1,2,2,3,0,2,3,3,0,3,3,2,2,3,1,0,3,0,0,0,1,2,1,1,1,3,3,0,3,3,3,0,1,2,2,0,2,1,2,2,2,3,1,1,2
31,1,2,3,0,3,1,2,3,2,3,1,1,2,0,3,3,2,0,0,3,3,2,0,0,3,2,2,1,3,0,1,2,3,0,3,3,2,2,2,2,0,3,1,1,0,0,2,2,2,2,3,3,0,3,3,3,0,1,1,1,0,2,2,1,2,2,3,1,2,2
32,1,1,3,0,3,1,1,2,3,3,0,1,2,0,2,3,2,0,0,2,3,3,0,0,2,1,2,2,3,0,2,3,3,0,3,3,2,1,3,1,0,3,0,0,0,1,3,1,0,1,3,3,0,3,3,3,0,0,2,3,0,3,1,2,3,3,3,0,1,2
33,1,2,3,0,3,1,2,3,2,3,1,1,2,0,3,3,2,0,0,3,3,2,0,0,3,2,2,1,3,0,2,3,3,0,3,3,2,2,3,2,0,3,0,1,0,0,2,2,1,2,3,3,0,3,3,3,0,1,2,2,0,2,2,1,2,2,3,0,2,2
34,1,1,3,0,3,1,1,3,3,3,1,1,2,0,3,3,2,0,0,3,3,2,0,0,3,1,2,2,3,0,2,3,3,0,3,3,2,2,3,1,0,3,0,0,0,0,2,1,1,1,3,3,0,3,3,3,0,1,2,2,0,2,1,2,3,2,3,0,1,2
35,1,1,3,0,3,1,2,3,3,3,0,0,3,0,3,3,3,0,0,3,3,2,0,0,3,2,3,1,3,0,2,3,3,0,3,3,3,1,3,1,0,3,0,0,0,0,3,1,1,1,3,3,0,3,3,3,0,0,2,3,0,3,1,1,3,3,3,0,2,3
36,1,2,3,0,3,1,2,3,2,3,1,1,2,0,3,3,2,0,0,3,3,2,0,0,3,2,2,1,3,0,2,2,3,0,3,3,2,2,2,2,0,3,1,1,0,0,2,2,1,2,3,3,0,3,3,3,0,1,1,1,0,2,2,1,2,2,3,1,2,3
37,1,2,3,0,3,1,2,3,2,3,1,2,2,0,3,2,2,0,0,3,3,2,0,0,3,2,1,2,3,0,1,2,3,0,3,3,2,3,2,2,0,3,1,1,0,0,2,2,2,2,2,3,0,3,3,2,0,1,1,1,0,2,2,1,2,2,3,1,2,2
38,1,2,3,0,3,1,2,3,2,3,1,1,2,0,3,3,2,0,0,3,3,2,0,0,3,2,2,2,3,0,2,3,3,0,3,3,2,2,2,2,0,3,1,1,0,0,2,2,1,2,3,3,0,3,3,3,0,1,2,1,0,2,2,1,2,2,3,1,2,2
39,1,2,3,0,3,1,1,2,2,3,1,1,1,0,3,2,2,0,0,3,3,2,0,0,3,1,1,2,3,0,2,3,3,0,3,3,2,2,2,2,0,3,1,1,0,0,2,2,1,1,2,3,0,3,3,3,0,1,2,2,0,2,1,2,2,2,3,1,2,2
40,1,1,3,0,3,1,2,3,2,3,1,1,2,0,3,3,2,0,0,3,3,2,0,0,3,2,2,1,3,0,2,3,3,0,3,3,3,2,3,2,0,3,0,1,0,0,2,1,1,2,3,3,0,3,3,3,0,1,2,2,0,2,2,1,3,2,3,0,2,3
41,1,1,3,0,3,1,1,2,3,3,0,1,2,0,2,3,2,0,0,2,3,3,0,0,2,1,2,2,3,0,2,3,3,0,3,3,2,1,3,1,0,3,0,0,0,1,3,1,0,1,3,3,0,3,3,3,0,0,2,3,0,3,1,2,3,3,3,0,1,2
42,1,1,3,0,3,1,1,3,2,3,1,1,2,0,3,3,2,0,0,3,3,2,0,0,3,1,2,2,3,0,2,3,3,0,3,3,2,2,3,2,0,3,0,0,0,0,2,1,1,1,3,3,0,3,3,3,0,1,2,2,0,2,1,2,2,2,3,0,1,2
43,1,2,3,0,3,1,2,3,2,3,1,1,2,0,3,3,2,0,0,3,3,2,0,0,3,2,2,1,3,0,1,2,3,0,3,3,2,3,2,2,0,3,1,1,0,0,2,2,2,2,3,3,0,3,3,3,0,1,1,1,0,2,2,1,2,2,3,1,2,3
44,1,2,3,0,3,1,1,2,2,3,1,1,1,0,3,2,2,0,0,3,3,2,0,0,3,1,1,2,3,0,2,3,3,0,3,3,2,2,3,2,0,3,1,1,0,0,2,1,1,1,2,3,0,3,3,3,0,1,2,2,0,2,1,2,2,2,3,1,1,2
45,1,2,3,0,3,1,2,3,2,3,1,1,2,0,3,3,2,0,0,3,3,2,0,0,3,2,2,1,3,0,2,3,3,0,3,3,2,2,2,2,0,3,1,1,0,0,2,2,1,2,3,3,0,3,3,3,0,1,1,1,0,2,2,1,2,2,3,1,2,2
46,0,2,3,0,3,1,2,3,2,3,1,1,2,0,3,3,2,0,0,3,3,1,0,0,3,2,2,1,3,0,1,2,3,0,3,3,2,3,2,2,0,3,1,1,0,0,2,2,2,2,3,3,0,3,3,3,0,1,1,1,0,2,2,1,2,2,3,1,2,3
47,1,1,3,0,3,1,1,3,3,3,0,0,2,0,3,3,3,0,0,2,3,2,0,0,3,1,2,2,3,0,2,3,3,0,3,3,3,1,3,1,0,3,0,0,0,1,3,1,0,1,3,3,0,3,3,3,0,0,2,3,0,3,1,2,3,3,3,0,1,3
48,1,2,3,0,3,1,1,2,2,3,1,2,1,0,3,2,2,0,1,3,3,2,1,0,3,1,1,2,3,0,1,2,3,1,3,3,2,2,2,2,0,3,1,1,1,0,2,2,2,1,2,3,1,3,3,1,0,1,2,1,0,2,2,2,2,2,3,2,2,1
49,1,0,3,0,3,1,1,3,3,3,0,0,2,0,2,3,3,0,0,1,3,2,0,0,3,1,2,2,3,0,2,3,3,0,3,3,3,1,3,1,0,3,0,0,0,1,3,1,0,1,3,3,0,3,3,3,0,0,2,3,0,3,1,2,3,3,3,0,1,3
50,2,1,3,1,3,2,0,0,2,1,1,2,0,3,2,2,1,0,1,0,3,3,1,0,1,0,0,3,1,1,2,3,3,1,1,2,1,1,3,1,0,3,1,0,2,2,2,1,1,0,2,1,3,0,3,0,1,1,3,3,3,2,0,3,2,2,2,2,0,0
51,3,0,3,2,3,2,0,0,3,1,0,2,0,3,1,2,1,0,1,0,3,3,1,0,1,0,0,3,1,1,2,3,3,1,0,2,1,1,3,0,0,3,1,0,2,2,2,1,0,0,1,1,3,0,3,1,2,1,3,3,3,3,0,3,2,3,2,2,0,0
52,3,0,3,2,3,2,0,0,3,1,0,2,0,3,1,2,1,0,1,0,3,3,0,0,0,0,0,3,1,2,3,3,3,1,0,3,1,0,3,0,0,3,1,0,2,3,2,0,0,0,2,1,3,0,2,2,2,0,3,3,3,3,0,3,2,3,2,1,0,0
53,3,0,3,3,3,3,0,0,3,0,0,2,0,3,1,1,1,0,2,0,3,3,1,0,0,0,0,3,1,2,3,3,3,1,0,2,1,0,3,0,0,3,1,0,2,3,3,0,0,0,1,1,3,0,2,1,3,0,3,3,3,3,0,3,2,3,2,2,0,0
54,3,0,3,2,3,2,0,0,3,1,0,2,0,3,1,1,1,0,2,0,3,3,1,0,0,0,0,3,1,2,2,3,3,2,0,2,1,1,3,0,0,3,1,0,2,3,2,0,0,0,1,1,3,0,2,0,2,1,3,3,3,3,0,3,2,3,2,2,0,0
55,3,0,3,2,3,2,0,0,3,1,0,2,0,3,1,2,1,0,1,0,3,3,1,0,0,0,0,3,1,2,3,3,3,1,0,3,1,0,3,0,0,3,1,0,2,3,2,0,0,0,1,1,3,0,2,2,2,1,3,3,3,3,0,3,2,3,2,1,0,0
56,3,0,3,2,3,2,0,0,3,1,0,2,0,3,1,2,2,0,1,0,3,3,0,0,0,0,0,3,1,2,3,3,3,0,0,3,1,0,3,0,0,3,1,0,2,3,3,0,0,0,2,2,2,0,3,3,2,0,3,3,3,3,0,3,3,3,2,1,0,0
57,3,0,3,2,3,2,0,0,3,2,0,2,0,3,1,2,2,0,1,0,3,3,0,0,0,0,0,3,2,1,3,3,3,0,0,3,2,0,3,0,0,3,1,0,2,3,3,0,0,0,2,2,1,0,3,3,2,0,3,3,3,3,0,3,3,3,2,1,0,0
58,3,0,3,3,3,3,0,0,3,0,0,2,0,3,0,1,1,0,2,0,3,3,1,0,0,0,0,3,0,3,3,3,3,1,0,2,1,0,3,0,0,3,1,0,3,3,3,0,0,0,1,1,3,0,1,1,3,0,3,3,3,3,0,3,2,3,2,2,0,0
59,3,0,3,3,3,2,0,0,3,0,0,2,0,3,1,1,1,0,2,0,3,3,1,0,0,0,0,3,1,2,3,3,3,1,0,2,1,0,3,0,0,3,1,0,2,3,2,0,0,0,1,1,3,0,2,1,2,1,3,3,3,3,0,3,2,3,2,2,0,0
60,3,0,3,2,3,2,0,0,3,1,0,2,0,3,1,1,1,0,1,0,3,3,1,0,0,0,0,3,1,2,2,3,3,1,0,2,1,0,3,0,0,3,1,0,2,3,2,0,0,0,1,1,3,0,2,1,2,1,3,3,3,3,0,3,2,3,2,2,0,0
61,3,1,3,2,3,2,0,0,2,1,1,3,0,3,2,1,1,0,2,0,3,3,1,1,1,0,0,3,0,1,2,3,3,2,0,2,1,1,3,1,0,3,2,0,2,2,2,1,1,0,1,1,3,0,3,0,2,1,3,3,3,2,0,3,2,2,2,2,0,0
62,3,0,3,3,3,2,0,0,3,0,0,2,0,3,1,1,1,0,2,0,3,3,1,0,0,0,0,3,0,2,3,3,3,1,0,2,1,0,3,0,0,3,1,0,2,3,2,0,0,0,1,1,3,0,1,1,3,1,3,3,3,3,0,3,2,3,2,2,0,0
63,3,0,3,3,3,2,0,0,3,0,0,3,0,3,1,1,1,0,2,0,3,3,1,1,0,0,0,3,0,2,2,3,3,2,0,2,1,0,3,0,0,3,1,0,2,3,2,0,0,0,1,1,3,0,2,0,2,1,3,3,3,3,0,3,2,3,2,2,0,0
64,3,0,3,3,3,2,0,0,3,0,0,2,0,3,1,1,1,0,2,0,3,3,1,0,0,0,0,3,0,2,2,3,3,2,0,2,1,0,3,0,0,3,1,0,2,3,2,0,0,0,1,1,3,0,2,0,2,1,3,3,3,3,0,3,2,3,2,2,0,0
65,3,1,3,3,3,2,0,0,2,0,0,3,0,3,1,1,1,0,2,0,2,3,1,1,0,0,0,3,0,2,2,3,3,2,0,2,1,1,3,0,0,3,2,0,3,3,2,1,0,0,1,0,3,0,2,0,2,1,3,3,3,2,0,3,2,2,2,2,0,0
66,3,0,3,2,3,2,0,0,3,1,0,2,0,3,1,2,2,0,1,0,3,3,0,0,0,0,0,3,1,2,3,3,3,1,0,3,1,0,3,0,0,3,1,0,2,3,3,0,0,0,2,2,2,0,3,3,2,0,3,3,3,3,0,3,3,3,2,1,0,0
67,3,0,3,2,3,2,0,0,3,1,0,2,0,3,1,1,1,0,1,0,3,3,1,0,0,0,0,3,1,2,2,3,3,1,0,2,1,1,3,0,0,3,1,0,2,3,2,0,0,0,1,1,3,0,2,0,2,1,3,3,3,3,0,3,2,3,2,2,0,0
68,3,1,3,2,3,2,0,0,2,0,1,3,0,3,1,1,1,0,2,0,3,3,1,1,1,0,0,3,0,2,2,3,3,2,0,2,1,1,3,1,0,3,2,0,2,2,2,1,1,0,1,1,3,0,3,0,2,1,3,3,3,2,0,3,2,2,2,2,0,0
69,3,1,3,3,3,2,0,0,2,0,1,3,0,3,1,1,1,0,2,0,2,3,2,1,0,0,0,3,0,2,2,3,3,3,0,2,0,1,3,0,0,3,2,0,3,3,2,1,1,0,1,0,3,0,1,0,3,2,3,3,3,2,0,3,2,2,1,3,0,0
70,3,0,3,3,3,2,0,0,3,1,0,2,0,3,1,2,1,0,1,0,3,3,0,0,0,0,0,3,1,2,3,3,3,1,0,3,1,0,3,0,0,3,1,0,2,3,3,0,0,0,1,1,3,0,2,2,2,0,3,3,3,3,0,3,2,3,2,1,0,0
71,3,0,3,3,3,2,0,0,3,0,0,3,0,3,1,1,1,0,2,0,3,3,1,1,0,0,0,3,0,2,2,3,3,2,0,2,1,0,3,0,0,3,1,0,3,3,2,0,0,0,1,0,3,0,2,0,2,1,3,3,3,2,0,3,2,3,2,2,0,0
72,3,1,3,1,3,2,0,0,3,1,0,2,0,3,2,2,2,0,1,0,3,3,0,0,1,0,0,3,1,1,2,3,3,1,1,3,1,1,3,0,0,3,1,0,2,2,2,1,0,0,2,2,2,0,3,2,1,1,3,3,3,3,0,3,2,3,2,1,0,0
73,3,0,3,3,3,2,0,0,3,0,0,3,0,3,1,1,1,0,2,0,2,3,1,1,0,0,0,3,0,2,2,3,3,2,0,2,1,0,3,0,0,3,2,0,3,3,2,0,0,0,1,0,3,0,1,0,3,1,3,3,3,2,0,3,2,3,1,2,0,0
74,3,0,3,2,3,2,0,0,3,1,0,2,0,3,1,1,1,0,2,0,3,3,1,0,0,0,0,3,1,2,2,3,3,2,0,2,1,1,3,0,0,3,1,0,2,3,2,1,0,0,1,1,3,0,2,0,2,1,3,3,3,3,0,3,2,3,2,2,0,0
75,3,0,3,2,3,2,0,0,3,1,0,2,0,3,1,2,1,0,1,0,3,3,1,0,1,0,0,3,1,2,2,3,3,1,0,2,1,1,3,0,0,3,1,0,2,2,2,1,0,0,1,1,3,0,3,0,2,1,3,3,3,3,0,3,2,3,2,2,0,0
76,2,1,3,1,3,2,0,0,3,2,0,2,0,2,2,2,2,0,1,0,3,3,0,0,1,0,0,3,2,1,2,3,3,1,1,3,1,1,3,1,0,3,1,0,2,2,2,1,0,0,2,2,2,1,3,2,1,1,3,3,3,2,0,3,2,2,2,1,0,0
77,3,0,3,3,3,3,0,0,3,0,0,3,0,3,0,1,1,0,2,0,2,3,1,1,0,0,0,3,0,3,3,3,3,2,0,2,1,0,3,0,0,3,1,0,3,3,2,0,0,0,1,0,3,0,0,0,3,1,3,3,3,3,0,3,2,3,1,2,0,0
78,3,0,3,3,3,2,0,0,2,0,0,3,0,3,1,1,1,0,2,0,2,3,1,1,0,0,0,3,0,2,2,3,3,2,0,2,1,1,3,0,0,3,2,0,3,3,2,1,0,0,1,0,3,0,2,0,2,1,3,3,3,2,0,3,2,3,2,2,0,0
79,3,0,3,3,3,2,0,0,3,0,0,2,0,3,1,1,1,0,2,0,3,3,1,0,0,0,0,3,0,2,3,3,3,1,0,2,1,0,3,0,0,3,1,0,2,3,2,0,0,0,1,1,3,0,1,0,3,1,3,3,3,3,0,3,2,3,2,2,0,0
80,3,0,3,2,3,2,0,0,3,1,0,2,0,3,1,2,2,0,1,0,3,3,0,0,0,0,0,3,1,1,3,3,3,0,0,3,1,0,3,0,0,3,1,0,2,3,3,0,0,0,2,2,2,0,3,3,2,0,3,3,3,3,0,3,3,3,2,1,0,0
81,3,0,3,2,3,2,0,0,3,1,0,2,0,3,1,2,2,0,1,0,3,3,0,0,1,0,0,3,1,1,2,3,3,1,0,3,1,0,3,0,0,3,1,0,2,2,2,0,0,0,2,2,2,0,3,2,1,1,3,3,3,3,0,3,2,3,2,1,0,0
82,3,1,3,3,3,2,0,0,2,0,0,3,0,3,1,1,1,0,2,0,3,3,1,1,0,0,0,3,0,2,2,3,3,2,0,2,1,1,3,0,0,3,2,0,2,3,2,1,0,0,1,1,3,0,2,0,2,1,3,3,3,2,0,3,2,2,2,2,0,0
83,3,1,3,3,3,2,0,0,2,0,0,3,0,3,1,1,1,0,2,0,3,3,1,1,0,0,0,3,0,2,2,3,3,2,0,2,1,1,3,0,0,3,2,0,2,3,2,1,0,0,1,0,3,0,2,0,2,1,3,3,3,2,0,3,2,2,2,2,0,0
84,3,1,3,2,3,2,0,0,2,1,0,2,0,3,2,2,1,0,1,0,3,3,1,0,1,0,0,3,1,1,2,3,3,2,0,2,1,1,3,0,0,3,1,0,2,2,2,1,0,0,1,1,3,0,3,0,1,1,3,3,3,2,0,3,2,2,2,2,0,0
85,3,0,3,3,3,2,0,0,2,0,0,3,0,3,1,1,1,0,2,0,2,3,1,1,0,0,0,3,0,3,2,3,3,3,0,2,0,0,3,0,0,3,2,0,3,3,2,0,0,0,1,0,3,0,1,0,3,1,3,3,3,2,0,3,2,2,1,3,0,0
86,3,0,3,2,3,2,0,0,3,1,0,2,0,3,1,2,1,0,1,0,3,3,1,0,0,0,0,3,1,2,2,3,3,1,0,2,1,0,3,0,0,3,1,0,2,3,2,0,0,0,1,1,3,0,3,1,2,1,3,3,3,3,0,3,2,3,2,2,0,0
87,3,0,3,2,3,2,0,0,3,1,0,2,0,3,1,2,2,0,1,0,3,3,0,0,1,0,0,3,1,1,2,3,3,1,0,3,1,1,3,0,0,3,1,0,2,2,2,1,0,0,2,2,2,0,3,2,1,1,3,3,3,3,0,3,2,3,2,1,0,0
88,3,0,3,2,3,2,0,0,3,1,0,2,0,3,1,2,1,0,1,0,3,3,0,0,0,0,0,3,1,2,2,3,3,1,0,3,1,0,3,0,0,3,1,0,2,3,2,0,0,0,2,1,2,0,3,2,2,1,3,3,3,3,0,3,2,3,2,1,0,0
89,3,1,3,2,3,2,0,0,2,1,1,3,0,3,2,1,1,0,1,0,3,3,1,1,1,0,0,3,1,1,2,3,3,2,0,2,1,1,3,1,0,3,2,0,2,2,2,1,1,0,1,1,3,0,3,0,1,1,3,3,3,2,0,3,2,2,2,2,0,0
90,3,1,3,3,3,2,0,0,2,0,1,3,0,3,1,1,1,0,2,0,2,3,1,1,1,0,0,3,0,2,2,3,3,3,0,2,0,1,3,1,0,3,2,0,3,2,2,1,1,0,1,0,3,0,2,0,2,1,3,3,3,2,0,3,2,2,1,3,0,0
91,3,0,3,3,3,2,0,0,3,0,0,2,0,3,1,1,1,0,2,0,3,3,1,0,0,0,0,3,0,2,3,3,3,1,0,2,1,0,3,0,0,3,1,0,2,3,2,0,0,0,1,1,3,0,2,1,3,1,3,3,3,3,0,3,2,3,2,2,0,0
92,3,0,3,1,3,2,0,0,3,2,0,2,0,3,1,2,2,0,1,0,3,3,0,0,1,0,1,3,2,1,3,3,3,0,1,3,2,0,3,0,0,3,1,0,1,2,3,0,0,0,2,2,1,0,3,3,1,0,3,3,3,3,0,3,3,3,2,1,0,0
93,3,0,3,2,3,2,0,0,3,1,0,2,0,3,1,2,1,0,1,0,3,3,1,0,1,0,0,3,1,2,2,3,3,1,0,3,1,0,3,0,0,3,1,0,2,3,2,0,0,0,2,1,3,0,3,1,2,1,3,3,3,3,0,3,2,3,2,2,0,0
94,2,1,3,1,3,2,0,0,2,1,0,2,0,3,2,2,2,0,1,0,3,3,1,0,1,0,0,3,1,1,2,3,3,1,1,3,1,1,3,1,0,3,1,0,2,2,2,1,0,0,2,2,2,1,3,1,1,1,3,3,3,2,0,3,2,2,2,2,0,0
95,3,0,3,3,3,3,0,0,3,1,0,2,0,3,1,2,2,0,1,0,3,3,0,0,0,0,0,3,1,2,3,3,3,0,0,3,1,0,3,0,0,3,1,0,2,3,3,0,0,0,2,2,2,0,2,3,2,0,3,3,3,3,0,3,3,3,2,1,0,0
96,3,0,3,2,3,2,0,0,3,1,0,2,0,3,1,2,2,0,1,0,3,3,0,0,0,0,0,3,1,2,3,3,3,1,0,3,1,0,3,0,0,3,1,0,2,3,2,0,0,0,2,2,2,0,3,2,2,0,3,3,3,3,0,3,2,3,2,1,0,0
97,2,1,3,1,3,2,0,0,2,1,1,2,0,3,2,2,1,0,1,0,3,3,1,0,1,0,0,3,1,1,2,3,3,2,1,2,1,1,3,1,0,3,1,0,2,2,2,1,1,0,2,1,3,0,3,0,1,1,3,3,3,2,0,3,2,2,2,2,0,0
98,3,0,3,3,3,2,0,0,3,1,0,2,0,3,1,2,1,0,1,0,3,3,1,0,0,0,0,3,1,2,3,3,3,1,0,3,1,0,3,0,0,3,1,0,2,3,2,0,0,0,1,1,3,0,2,2,2,0,3,3,3,3,0,3,2,3,2,1,0,0
99,3,0,3,2,3,2,0,0,3,1,0,2,0,3,1,2,2,0,1,0,3,3,0,0,0,0,0,3,1,2,3,3,3,1,0,3,1,0,3,0,0,3,1,0,2,3,3,0,0,0,2,1,2,0,2,2,2,0,3,3,3,3,0,3,2,3,2,1,0,0
100,1,3,0,0,3,0,2,2,0,2,2,3,1,0,3,2,1,1,1,3,3,2,2,1,3,2,1,1,1,0,1,1,0,3,3,2,1,3,1,3,2,2,3,3,1,0,1,3,3,3,2,1,3,3,3,0,0,3,1,0,0,1,3,1,1,1,2,3,3,1
101,1,3,0,0,3,0,2,2,0,2,2,3,1,0,3,1,1,1,1,3,2,2,2,1,3,2,0,1,1,0,1,1,0,3,3,2,1,3,1,3,2,2,3,2,2,0,1,2,3,3,2,1,3,3,3,0,0,3,1,0,0,1,3,1,1,1,2,3,3,1
102,1,3,0,0,3,0,3,2,0,2,3,3,1,0,3,1,1,2,1,3,2,1,2,2,3,2,0,1,1,0,0,0,0,3,3,2,1,3,0,3,2,1,3,3,2,0,0,3,3,3,1,0,3,3,3,0,0,3,1,0,0,0,3,1,0,1,2,3,3,1
103,1,3,0,0,3,0,3,3,0,2,3,3,1,0,3,1,1,2,1,3,2,1,2,2,3,2,0,1,1,0,0,0,0,3,3,2,1,3,0,3,3,1,3,3,2,0,0,3,3,3,1,1,3,3,3,0,0,3,1,0,0,0,3,1,0,1,2,3,3,1
104,0,3,0,0,3,0,3,3,0,3,3,3,2,0,3,2,1,2,1,3,3,1,2,1,3,3,1,0,2,0,0,1,0,3,3,2,1,3,0,3,2,2,2,3,1,0,1,3,3,3,2,2,3,3,3,0,0,3,0,0,0,1,3,0,1,1,2,3,3,2
105,1,3,0,0,3,0,2,2,0,1,3,3,1,0,3,1,1,2,1,3,2,2,2,2,3,2,0,1,1,0,0,0,0,3,3,2,1,3,0,3,2,1,3,3,2,0,0,3,3,3,1,0,3,3,3,0,0,3,1,0,1,0,3,1,0,1,2,3,3,1
106,1,3,0,0,3,0,3,3,0,2,3,3,1,0,3,1,1,2,1,3,2,1,2,2,3,2,0,1,1,0,0,0,0,3,3,1,1,3,0,3,3,1,3,3,2,0,0,3,3,3,1,0,3,3,3,0,0,3,1,0,0,0,3,1,0,0,2,3,3,1
107,1,3,0,0,3,0,3,2,0,1,3,3,1,0,3,1,1,2,1,3,2,1,2,2,3,2,0,1,1,0,0,0,0,3,3,2,1,3,0,3,3,1,3,3,2,0,0,3,3,3,1,0,3,3,3,0,0,3,1,0,1,0,3,1,0,1,2,3,3,1
108,1,3,0,0,3,0,2,2,0,2,2,3,1,0,3,1,1,1,1,3,3,2,2,1,3,2,0,1,1,0,1,1,0,3,3,2,1,3,1,3,2,2,2,2,2,0,1,2,3,2,2,1,3,3,3,0,0,3,1,0,1,1,3,1,1,1,2,3,2,1
109,1,3,0,0,3,0,3,3,0,2,3,3,1,0,3,2,1,2,1,3,2,1,2,1,3,2,1,1,2,0,0,1,0,3,3,2,1,3,0,3,2,2,3,3,1,0,0,3,3,3,2,1,3,3,3,0,0,3,1,0,0,0,3,1,1,1,2,3,3,1
110,1,3,0,0,2,0,3,3,0,1,3,3,1,0,3,1,1,2,1,3,2,1,2,2,3,3,0,0,1,0,0,0,0,3,3,1,0,3,0,3,3,0,3,3,2,0,0,3,3,3,1,0,3,3,3,0,0,3,0,0,0,0,3,1,0,0,2,3,3,1
111,1,3,0,0,3,0,2,2,0,2,2,3,1,0,3,1,1,1,1,3,2,2,2,1,3,2,0,1,1,0,1,1,0,3,3,2,1,3,0,3,2,2,3,3,1,0,1,3,3,3,2,1,3,3,3,0,0,3,1,0,0,1,3,1,1,1,2,3,3,1
112,1,3,0,0,2,0,2,1,0,1,3,3,0,0,3,1,1,1,1,3,2,2,2,2,3,2,0,2,0,0,1,1,0,3,3,1,0,3,0,3,2,1,3,2,2,0,0,2,3,2,1,0,3,2,3,0,0,3,1,0,2,0,3,1,0,1,1,3,2,0
113,1,3,0,0,3,0,3,2,0,1,3,3,1,0,3,1,1,2,1,3,2,1,2,2,3,2,0,1,1,0,0,0,0,3,3,2,1,3,0,3,3,1,3,3,2,0,0,3,3,3,1,0,3,3,3,0,0,3,1,0,1,0,3,1,0,1,2,3,3,1
114,1,3,0,0,3,0,2,2,0,1,2,3,1,0,3,1,1,1,1,3,2,2,2,1,3,2,0,1,1,0,1,1,0,3,3,2,1,3,1,3,2,2,3,2,2,0,1,2,3,2,1,1,3,3,3,0,0,3,1,0,1,1,3,1,1,1,2,3,2,1
115,0,3,0,0,3,0,3,3,0,2,3,3,1,0,3,1,1,2,1,3,2,1,2,2,3,3,1,0,1,0,0,0,0,3,3,2,1,3,0,3,3,1,3,3,1,0,0,3,3,3,2,1,3,3,3,0,0,3,0,0,0,0,3,0,0,1,2,3,3,2
116,1,3,0,0,2,0,2,1,0,1,3,3,0,0,3,1,1,2,1,3,1,2,2,2,3,2,0,1,0,0,0,0,0,3,3,1,0,3,0,3,3,1,3,3,2,0,0,3,3,3,1,0,3,2,3,0,0,3,1,0,2,0,3,1,0,1,1,3,3,0
117,1,3,0,0,3,0,2,2,0,1,3,3,1,0,3,1,1,2,1,3,2,2,2,2,3,2,0,1,1,0,0,0,0,3,3,1,1,3,0,3,2,1,3,3,2,0,0,3,3,3,1,0,3,3,3,0,0,3,1,0,1,0,3,1,0,1,2,3,3,0
118,0,3,0,0,3,0,3,3,0,2,3,3,1,0,3,1,1,2,1,3,2,1,2,1,3,3,1,1,1,0,0,0,0,3,3,2,1,3,0,3,3,1,3,3,1,0,0,3,3,3,2,1,3,3,3,0,0,3,1,0,0,0,3,1,1,1,2,3,3,1
119,1,3,0,0,3,0,2,2,0,2,2,3,1,0,3,2,1,1,1,3,3,2,2,1,3,2,1,1,2,0,1,1,0,3,3,2,1,3,1,3,2,2,2,2,1,0,1,2,3,3,2,1,3,3,3,0,0,3,1,0,0,1,3,1,1,1,2,3,3,1
120,1,3,0,0,3,0,3,3,0,2,3,3,1,0,3,2,1,2,1,3,3,1,2,1,3,2,1,1,2,0,0,1,0,3,3,2,1,3,0,3,2,2,3,3,1,0,1,3,3,3,2,1,3,3,3,0,0,3,1,0,0,1,3,1,1,1,2,3,3,1
121,1,3,0,0,3,0,2,2,0,1,2,3,1,0,3,1,1,1,1,3,2,2,2,2,3,2,0,1,1,0,1,1,0,3,3,2,1,3,0,3,2,2,3,2,2,0,1,2,3,2,1,0,3,3,3,0,0,3,1,0,1,1,3,1,1,1,2,3,2,0
122,0,3,0,0,3,0,3,3,0,2,3,3,2,0,3,2,1,3,1,3,2,0,2,2,3,3,1,0,2,0,0,0,0,3,3,2,1,3,0,3,3,0,3,3,1,0,0,3,3,3,2,1,3,3,3,0,0,3,0,0,0,0,3,0,0,0,2,3,3,2
123,0,3,0,0,3,0,3,3,0,3,3,3,2,0,3,2,2,2,1,3,3,1,1,1,3,3,1,0,2,0,0,1,0,3,3,2,1,3,0,3,2,2,2,3,1,0,1,3,3,3,2,2,3,3,3,0,0,3,0,0,0,1,3,0,1,1,2,3,3,2
124,1,3,1,0,3,0,2,2,1,2,2,3,1,0,3,2,1,1,1,3,3,2,2,1,3,2,1,1,2,0,1,1,0,3,3,2,1,3,1,3,1,2,2,2,1,0,1,2,3,2,2,1,3,3,3,0,0,2,1,0,0,1,3,1,1,1,2,3,2,1
125,0,3,0,0,3,0,3,3,0,2,3,3,1,0,3,2,1,2,1,3,2,1,2,1,3,3,1,0,2,0,0,0,0,3,3,2,1,3,0,3,3,1,3,3,1,0,0,3,3,3,2,1,3,3,3,0,0,3,0,0,0,0,3,0,1,1,2,3,3,2
126,1,3,1,0,3,0,3,3,1,3,2,2,1,0,3,2,2,1,1,3,3,1,1,1,3,2,1,1,2,0,1,1,0,3,3,2,1,3,1,3,1,3,2,2,1,0,1,2,3,3,2,2,3,3,3,0,0,2,1,0,0,1,3,1,1,1,2,3,3,2
127,1,3,0,0,3,0,2,2,0,2,2,3,1,0,3,1,1,1,1,3,2,2,2,1,3,2,0,1,1,0,1,1,0,3,3,2,1,3,0,3,2,2,3,3,2,0,1,3,3,3,2,1,3,3,3,0,0,3,1,0,1,1,3,1,1,1,2,3,3,1
128,0,3,0,0,3,0,3,3,0,3,2,2,2,0,3,2,2,2,0,3,3,1,1,1,3,3,1,0,2,0,1,1,0,3,3,2,1,3,1,3,2,2,2,3,1,0,1,3,3,3,2,2,2,3,3,0,0,2,1,0,0,1,3,1,1,1,2,3,3,2
129,1,3,1,0,3,1,2,2,1,2,2,3,1,0,3,2,1,1,1,3,3,2,2,1,3,2,0,1,1,0,1,1,1,3,3,2,1,3,1,3,1,3,2,2,2,0,1,2,3,2,2,1,3,3,3,0,0,2,1,0,1,1,3,1,1,1,2,3,2,1
130,1,3,0,0,2,0,2,2,0,1,3,3,1,0,3,1,1,2,1,3,2,2,2,2,3,2,0,1,1,0,0,0,0,3,3,1,0,3,0,3,3,1,3,3,2,0,0,3,3,3,1,0,3,3,3,0,0,3,1,0,1,0,3,1,0,1,2,3,3,0
131,1,3,0,0,3,0,2,2,0,2,2,3,1,0,3,2,1,1,1,3,3,2,2,1,3,2,1,1,2,0,1,1,0,3,3,2,1,3,1,3,2,2,2,2,1,0,1,2,3,3,2,1,3,3,3,0,0,3,1,0,0,1,3,1,1,1,2,3,3,1
132,1,3,1,0,3,0,3,3,1,3,2,2,2,0,3,2,2,1,0,3,3,1,1,1,3,2,1,1,3,0,1,1,2,2,3,3,2,3,1,3,1,3,2,2,1,0,1,2,3,3,2,3,2,3,3,0,0,2,1,0,0,1,3,1,1,1,3,2,3,2
133,1,3,1,0,3,0,2,3,1,2,2,2,1,0,3,2,2,1,1,3,3,2,1,1,3,2,1,1,2,0,1,1,1,2,3,2,1,3,1,3,1,3,2,2,1,0,1,2,3,2,2,2,3,3,3,0,0,2,1,0,0,1,3,1,1,1,2,3,2,1
134,1,3,1,0,3,0,2,3,1,2,2,2,1,0,3,2,2,1,1,3,3,2,1,1,3,2,1,1,2,0,1,1,2,2,3,2,1,3,1,3,1,3,2,2,1,0,1,2,3,2,2,2,3,3,3,0,0,2,1,0,0,1,3,1,1,1,2,3,2,1
135,0,3,0,0,3,0,3,3,0,3,3,3,2,0,3,2,1,3,1,3,3,1,2,1,3,3,1,0,2,0,0,0,0,3,3,2,1,3,0,3,3,1,3,3,1,0,0,3,3,3,2,1,3,3,3,0,0,3,0,0,0,0,3,0,0,0,2,3,3,2
136,1,3,0,0,3,0,2,2,0,1,3,3,1,0,3,1,1,2,1,3,2,2,2,2,3,2,0,1,1,0,0,0,0,3,3,1,1,3,0,3,3,1,3,3,2,0,0,3,3,3,1,0,3,3,3,0,0,3,1,0,1,0,3,1,0,1,2,3,3,0
137,0,3,0,0,3,0,3,3,0,2,3,3,1,0,3,1,1,2,1,3,2,1,2,2,3,3,0,0,1,0,0,0,0,3,3,2,1,3,0,3,3,1,3,3,2,0,0,3,3,3,1,0,3,3,3,0,0,3,0,0,0,0,3,0,0,0,2,3,3,1
138,1,3,0,0,3,0,3,3,0,2,3,3,1,0,3,1,1,2,1,3,2,1,2,2,3,2,0,1,1,0,0,0,0,3,3,2,1,3,0,3,3,1,3,3,2,0,0,3,3,3,1,0,3,3,3,0,0,3,1,0,0,0,3,1,0,1,2,3,3,1
139,1,3,0,0,3,0,2,2,0,2,2,3,1,0,3,1,1,1,1,3,2,2,2,1,3,2,0,1,1,0,1,1,0,3,3,2,1,3,0,3,2,2,3,3,2,0,1,3,3,3,2,1,3,3,3,0,0,3,1,0,0,1,3,1,1,1,2,3,3,1
140,0,3,0,0,3,0,3,3,0,3,3,3,2,0,3,2,1,2,1,3,3,1,2,1,3,3,1,0,2,0,0,0,0,3,3,2,1,3,0,3,2,1,2,3,1,0,0,3,3,3,2,2,3,3,3,0,0,3,0,0,0,0,3,0,1,1,2,3,3,2
141,1,3,0,0,3,0,2,2,1,2,2,3,1,0,3,1,1,1,1,3,3,2,2,1,3,2,0,1,1,0,1,1,0,3,3,2,1,3,1,3,2,2,2,2,2,0,1,2,3,2,2,1,3,3,3,0,0,2,1,0,1,1,3,1,1,1,2,3,2,1
142,1,3,0,0,2,0,2,2,0,1,3,3,1,0,3,1,1,2,1,3,2,2,2,2,3,2,0,1,1,0,0,0,0,3,3,1,0,3,0,3,3,1,3,3,2,0,0,3,3,3,1,0,3,3,3,0,0,3,1,0,1,0,3,1,0,1,2,3,3,0
143,1,3,0,0,3,0,2,2,0,2,2,3,1,0,3,1,1,1,1,3,2,2,2,1,3,2,0,1,1,0,1,1,0,3,3,2,1,3,0,3,2,2,3,3,2,0,1,3,3,3,2,1,3,3,3,0,0,3,1,0,1,1,3,1,1,1,2,3,3,1
144,0,3,1,0,3,0,3,3,1,3,2,2,2,0,3,2,2,1,1,3,3,1,1,1,3,2,1,1,2,0,1,1,0,2,3,2,1,3,1,3,1,2,2,2,1,0,1,2,3,3,2,2,2,3,3,0,0,2,1,0,0,1,3,1,1,1,2,3,3,2
145,1,3,0,0,3,0,2,2,0,1,3,3,1,0,3,1,1,1,1,3,2,2,2,2,3,2,0,1,1,0,1,1,0,3,3,2,1,3,0,3,2,2,3,3,2,0,0,3,3,3,1,0,3,3,3,0,0,3,1,0,1,1,3,1,1,1,2,3,3,1
146,1,3,0,0,3,0,3,3,0,2,3,3,1,0,3,1,1,2,1,3,2,1,2,2,3,2,0,1,1,0,0,0,0,3,3,2,1,3,0,3,2,1,3,3,2,0,0,3,3,3,2,1,3,3,3,0,0,3,1,0,0,0,3,1,1,1,2,3,3,1
147,1,3,0,0,2,0,3,2,0,1,3,3,1,0,3,1,1,2,1,3,1,1,2,2,3,2,0,1,0,0,0,0,0,3,3,1,0,3,0,3,3,1,3,3,2,0,0,3,3,3,1,0,3,3,3,0,0,3,1,0,1,0,3,1,0,0,1,3,3,0
148,1,3,0,0,2,0,2,1,0,1,3,3,0,0,3,1,1,1,1,3,1,2,2,2,3,2,0,1,0,0,0,0,0,3,3,1,0,3,0,3,3,1,3,3,2,0,0,3,3,2,1,0,3,2,3,0,0,3,1,0,2,0,3,1,0,1,1,3,3,0
149,1,3,0,0,3,0,3,3,0,2,2,3,1,0,3,2,1,1,1,3,3,1,2,1,3,2,1,1,2,0,1,1,0,3,3,2,1,3,1,3,2,2,2,3,1,0,1,3,3,3,2,1,3,3,3,0,0,3,1,0,0,1,3,1,1,1,2,3,3,1
150,3,3,0,3,2,1,0,0,1,0,2,3,0,3,2,0,0,0,2,2,0,3,3,2,1,0,0,3,0,2,1,1,3,3,0,1,0,3,1,2,2,2,3,1,3,2,1,2,3,1,0,0,3,0,2,0,2,3,2,0,3,1,1,2,0,1,1,3,1,0
151,3,3,0,3,1,2,0,0,1,0,2,3,0,3,2,0,0,0,2,1,0,3,3,2,1,0,0,3,0,2,1,1,3,3,0,1,0,3,1,2,1,3,3,1,3,2,1,1,2,0,0,0,3,0,1,0,3,3,3,1,3,1,0,3,1,1,1,3,1,0
152,3,3,0,3,2,1,0,0,1,0,2,3,0,3,2,0,0,0,2,2,1,3,2,2,1,0,0,3,0,1,1,1,3,3,0,1,0,3,1,2,1,3,3,1,3,2,1,2,2,1,1,0,3,0,2,0,2,3,2,1,3,1,1,2,1,1,1,3,1,0
153,2,3,0,2,2,1,0,0,0,0,2,3,0,3,2,0,0,0,2,3,1,3,2,2,2,0,0,3,0,1,1,1,3,3,0,1,0,3,1,2,2,2,3,1,3,1,1,2,3,1,1,0,3,0,2,0,1,3,2,0,3,1,1,2,1,1,1,3,1,0
154,2,3,0,2,2,1,0,0,1,0,2,3,0,3,2,0,1,0,2,3,1,3,2,2,2,0,0,3,0,1,1,1,3,3,0,1,0,3,1,2,2,2,3,1,3,1,1,2,3,1,1,0,3,0,2,0,1,3,2,0,3,1,1,2,1,1,1,3,1,0
155,3,3,0,3,2,1,0,0,1,0,2,3,0,3,2,0,0,0,2,2,1,3,3,2,1,0,0,3,0,2,1,1,3,3,0,1,0,3,1,2,1,2,3,1,3,2,1,2,2,1,0,0,3,0,2,0,2,3,2,0,3,1,1,2,1,1,1,3,1,0
156,3,2,1,3,2,2,0,0,1,0,1,3,0,3,2,0,0,0,2,0,1,3,2,2,1,0,0,3,0,2,1,2,3,3,0,1,0,2,1,1,1,3,3,1,3,2,1,1,2,0,0,0,3,0,1,0,2,2,3,2,3,1,0,3,1,2,1,3,1,0
157,2,3,0,3,2,1,0,0,1,0,2,3,0,3,2,0,0,0,2,2,1,3,2,2,2,0,0,3,0,1,1,1,3,3,0,1,0,3,1,2,1,2,3,1,3,1,1,2,3,1,1,0,3,0,2,0,1,3,2,0,3,1,1,2,1,1,1,3,1,0
158,3,3,0,3,1,2,0,0,1,0,2,3,0,3,2,0,0,0,2,1,0,3,3,2,1,0,0,3,0,2,1,1,3,3,0,1,0,3,1,2,1,3,3,1,3,2,1,1,2,0,0,0,3,0,0,0,3,3,3,1,3,1,0,3,1,1,1,3,1,0
159,2,3,0,3,1,1,0,0,0,0,2,3,0,3,3,0,0,0,2,3,0,3,3,3,2,0,0,3,0,1,1,0,0,3,0,0,0,3,0,3,3,1,3,2,3,1,0,2,3,1,0,0,3,0,2,0,2,3,2,0,3,0,2,2,0,1,0,3,2,0
160,3,3,0,3,2,2,0,0,1,0,2,3,0,3,2,0,0,0,2,1,0,3,3,2,1,0,0,3,0,2,1,1,3,3,0,1,0,3,1,2,1,3,3,1,3,2,1,2,2,0,0,0,3,0,1,0,2,3,3,1,3,1,1,3,1,1,1,3,1,0
161,2,3,0,3,2,1,0,0,1,0,2,3,0,3,2,1,1,0,2,2,1,3,2,2,1,0,0,3,0,1,1,1,3,3,0,1,0,3,1,2,1,3,3,1,3,2,1,2,2,1,1,0,3,0,2,0,2,3,2,1,3,1,1,2,1,1,1,3,1,0
162,3,2,1,3,2,2,0,0,1,0,2,3,0,3,2,0,0,0,2,1,1,3,2,2,1,0,0,3,0,2,1,2,3,3,0,1,0,3,1,2,1,3,3,1,3,2,1,1,2,0,0,0,3,0,1,0,2,2,3,1,3,1,0,3,1,1,1,3,1,0
163,2,3,1,3,2,1,0,0,1,0,2,3,0,3,2,1,1,0,2,2,1,3,2,2,1,0,0,3,0,1,1,1,3,3,0,1,0,3,1,2,1,3,3,1,3,1,1,2,2,1,1,0,3,0,2,0,1,3,2,1,3,1,1,2,1,1,1,3,1,0
164,2,3,0,2,2,1,0,0,1,0,2,3,0,3,2,0,1,0,2,3,1,3,2,2,2,0,0,3,0,1,1,1,3,3,0,1,0,3,1,2,2,2,3,1,3,1,1,2,3,1,1,0,3,0,2,0,1,3,2,0,3,1,1,2,1,1,1,3,1,0
165,2,3,0,3,2,1,0,0,1,0,2,3,0,3,2,0,0,0,2,2,1,3,3,2,1,0,0,3,0,1,1,1,3,3,0,1,0,3,1,2,2,2,3,1,3,1,1,2,3,1,0,0,3,0,2,0,2,3,2,0,3,1,1,2,1,1,1,3,1,0
166,3,3,0,3,1,2,0,0,1,0,2,3,0,3,2,0,0,0,3,0,0,3,3,3,1,0,0,3,0,3,1,1,3,3,0,0,0,3,1,2,2,2,3,1,3,2,1,1,2,0,0,0,3,0,0,0,3,3,3,1,3,1,0,3,0,1,0,3,1,0
167,3,3,0,3,1,1,0,0,0,0,2,3,0,3,2,0,0,0,3,2,0,3,3,3,1,0,0,3,0,2,1,1,2,3,0,0,0,3,1,2,2,2,3,1,3,2,0,2,3,1,0,0,3,0,1,0,3,3,2,0,3,1,1,3,0,1,0,3,1,0
168,3,3,0,3,1,1,0,0,0,0,2,3,0,3,2,0,0,0,2,2,0,3,3,2,1,0,0,3,0,2,1,1,3,3,0,1,0,3,1,2,2,2,3,1,3,2,1,2,3,1,0,0,3,0,1,0,2,3,2,0,3,1,1,3,0,1,1,3,1,0
169,3,3,0,3,1,1,0,0,0,0,2,3,0,3,2,0,0,0,2,2,0,3,3,3,1,0,0,3,0,2,1,1,2,3,0,0,0,3,0,2,2,2,3,2,3,1,0,2,3,1,0,0,3,0,1,0,2,3,2,0,3,0,1,2,0,1,0,3,1,0
170,3,3,0,3,2,2,0,0,1,0,2,3,0,3,2,0,0,0,2,1,0,3,3,2,1,0,0,3,0,2,1,1,3,3,0,1,0,3,1,2,1,3,3,1,3,2,1,2,2,0,0,0,3,0,1,0,2,3,3,1,3,1,0,3,1,1,1,3,1,0
171,3,3,0,3,2,2,0,0,1,0,2,3,0,3,2,0,0,0,2,1,1,3,2,2,1,0,0,3,0,2,1,1,3,3,0,1,0,3,1,2,1,3,3,1,3,2,1,2,2,0,0,0,3,0,1,0,2,3,3,1,3,1,1,3,1,1,1,3,1,0
172,2,3,0,2,1,1,1,0,0,0,2,3,0,3,3,0,0,0,2,3,0,3,3,2,2,1,0,3,0,1,1,1,0,3,0,1,0,3,0,3,2,1,3,2,3,1,0,2,3,1,0,0,3,0,3,0,1,3,2,0,3,0,2,2,0,1,1,3,2,0
173,2,3,0,2,2,1,1,0,0,0,2,3,0,3,3,0,0,0,2,3,1,3,3,2,2,0,0,3,0,1,1,1,1,3,0,1,0,3,1,2,2,2,3,2,3,1,0,2,3,1,0,0,3,0,2,0,1,3,2,0,3,1,2,2,0,1,1,3,2,0
174,3,3,0,3,1,2,0,0,0,0,2,3,0,3,2,0,0,0,2,1,0,3,3,2,1,0,0,3,0,2,1,1,3,3,0,1,0,3,1,2,2,2,3,1,3,2,1,2,2,0,0,0,3,0,1,0,3,3,3,1,3,1,1,3,0,1,1,3,1,0
175,3,3,0,3,1,2,0,0,0,0,2,3,0,3,2,0,0,0,3,0,0,3,3,3,0,0,0,3,0,3,1,1,3,3,0,0,0,3,1,2,2,2,3,1,3,2,0,2,2,0,0,0,3,0,0,0,3,3,3,1,3,1,0,3,0,1,0,3,1,0
176,2,3,0,2,2,1,1,0,0,0,2,3,0,2,3,1,1,0,2,3,1,3,2,2,2,1,0,3,0,0,1,1,2,3,1,1,0,3,1,3,2,2,3,2,3,1,1,2,3,1,1,0,3,1,3,0,0,3,2,0,3,1,2,2,1,1,1,3,2,0
177,2,3,1,2,2,1,0,0,1,0,2,3,0,3,2,1,1,0,2,2,1,3,2,2,2,0,0,3,0,1,1,1,3,3,0,1,0,3,1,2,1,3,3,1,3,1,1,2,2,1,1,0,3,0,3,0,1,2,2,1,3,1,1,2,1,1,1,3,1,0
178,3,3,0,3,1,1,0,0,1,0,2,3,0,3,2,0,0,0,2,2,0,3,3,2,1,0,0,3,0,2,1,1,3,3,0,1,0,3,1,2,2,2,3,1,3,2,1,2,2,1,0,0,3,0,1,0,2,3,2,0,3,1,1,3,0,1,1,3,1,0
179,3,1,2,3,2,2,0,0,2,0,1,3,0,3,1,1,1,0,2,0,1,3,2,2,0,0,0,3,0,3,2,2,3,3,0,1,0,2,2,1,0,3,3,0,3,3,1,1,1,0,1,0,3,0,1,0,3,2,3,3,3,2,0,3,1,2,1,3,0,0
180,3,3,0,3,1,1,0,0,0,0,2,3,0,3,2,0,0,0,2,2,0,3,3,2,1,0,0,3,0,2,1,1,3,3,0,1,0,3,1,2,2,2,3,1,3,2,1,2,3,1,0,0,3,0,1,0,2,3,2,0,3,1,1,3,0,1,1,3,1,0
181,3,3,0,3,2,2,0,0,1,0,2,3,0,3,2,0,0,0,2,1,1,3,2,2,1,0,0,3,0,2,1,1,3,3,0,1,0,3,1,2,1,3,3,1,3,2,1,2,2,0,0,0,3,0,1,0,2,3,3,1,3,1,1,3,1,1,1,3,1,0
182,2,3,0,2,2,1,0,0,0,0,2,3,0,3,3,0,1,0,2,3,1,3,2,2,2,0,0,3,0,1,1,1,3,3,0,1,0,3,1,2,2,2,3,2,3,1,1,2,3,1,1,0,3,0,3,0,1,3,2,0,3,1,1,2,1,1,1,3,1,0
183,3,3,0,3,1,1,0,0,0,0,2,3,0,3,2,0,0,0,3,2,0,3,3,3,1,0,0,3,0,2,1,1,2,3,0,0,0,3,0,2,2,1,3,2,3,2,0,2,3,1,0,0,3,0,0,0,3,3,2,0,3,0,1,2,0,1,0,3,1,0
184,3,2,0,3,2,2,0,0,1,0,2,3,0,3,2,0,0,0,2,1,0,3,3,2,1,0,0,3,0,2,1,2,3,3,0,1,0,3,1,2,1,3,3,1,3,2,1,1,2,0,0,0,3,0,1,0,3,3,3,1,3,1,0,3,1,1,1,3,1,0
185,3,3,0,3,1,1,0,0,0,0,2,3,0,3,2,0,0,0,3,1,0,3,3,3,1,0,0,3,0,2,1,1,3,3,0,0,0,3,1,2,2,2,3,1,3,2,0,2,3,0,0,0,3,0,0,0,3,3,2,0,3,1,1,3,0,1,0,3,1,0
186,3,2,1,3,2,2,0,0,1,0,1,3,0,3,2,0,0,0,2,0,0,3,2,2,1,0,0,3,0,2,2,2,3,3,0,1,0,2,2,1,1,3,3,1,3,2,1,1,2,0,0,0,3,0,0,0,3,2,3,2,3,1,0,3,1,2,1,3,0,0
187,3,3,0,3,1,1,0,0,0,0,2,3,0,3,2,0,0,0,3,2,0,3,3,3,1,0,0,3,0,2,1,1,2,3,0,0,0,3,1,2,2,2,3,1,3,2,0,2,3,1,0,0,3,0,0,0,3,3,2,0,3,1,1,3,0,1,0,3,1,0
188,3,2,1,3,2,1,0,0,1,0,2,3,0,3,2,1,1,0,2,1,1,3,2,2,1,0,0,3,0,1,1,2,3,3,0,1,0,3,1,2,1,3,3,1,3,2,1,2,2,0,1,0,3,0,2,0,2,2,2,1,3,1,1,2,1,1,1,3,1,0
189,3,3,0,3,1,2,0,0,1,0,2,3,0,3,2,0,0,0,3,1,0,3,3,3,1,0,0,3,0,3,1,1,3,3,0,1,0,3,1,2,2,2,3,1,3,2,1,2,2,0,0,0,3,0,0,0,3,3,3,1,3,1,0,3,0,1,0,3,1,0
190,3,2,1,3,2,2,0,0,1,0,1,3,0,3,2,0,1,0,2,0,1,3,2,2,1,0,0,3,0,2,2,2,3,3,0,1,0,2,2,1,0,3,3,0,3,2,1,1,2,0,1,0,3,0,1,0,2,2,3,2,3,1,0,3,1,2,1,3,1,0
191,3,2,2,3,3,2,0,0,1,0,1,3,0,3,2,1,1,0,2,0,1,3,2,1,1,0,0,3,0,2,2,2,3,3,0,1,0,2,2,1,0,3,2,0,3,2,1,1,1,0,1,0,3,0,2,0,2,2,3,2,3,2,0,3,1,2,1,3,0,0
192,3,3,0,3,2,2,0,0,1,0,2,3,0,3,2,0,0,0,2,1,1,3,2,2,1,0,0,3,0,2,1,1,3,3,0,1,0,3,1,2,1,3,3,1,3,2,1,2,2,0,0,0,3,0,1,0,2,3,3,1,3,1,1,3,1,1,1,3,1,0
193,3,2,1,3,2,2,0,0,1,0,2,3,0,3,2,0,0,0,2,0,1,3,2,2,1,0,0,3,0,2,1,2,3,3,0,1,0,3,1,1,1,3,3,1,3,2,1,1,2,0,0,0,3,0,1,0,3,3,3,1,3,1,0,3,1,1,1,3,1,0
194,3,3,0,3,1,1,0,0,0,0,2,3,0,3,2,0,0,0,2,2,0,3,3,2,1,0,0,3,0,2,1,1,3,3,0,1,0,3,1,2,2,2,3,1,3,1,0,2,3,1,0,0,3,0,2,0,2,3,2,0,3,1,1,2,0,1,1,3,1,0
195,2,3,0,2,2,1,0,0,1,0,2,3,0,3,2,1,1,0,2,2,1,3,2,2,2,0,0,3,0,1,1,1,3,3,0,1,0,3,1,2,1,3,3,1,3,1,1,2,2,1,1,0,3,0,3,0,1,3,2,0,3,1,1,2,1,1,1,3,1,0
196,3,3,0,3,2,1,0,0,1,0,2,3,0,3,2,0,0,0,2,1,0,3,3,2,1,0,0,3,0,2,1,1,3,3,0,1,0,3,1,2,1,2,3,1,3,2,1,2,2,0,0,0,3,0,1,0,2,3,2,1,3,1,1,3,1,1,1,3,1,0
197,2,3,0,2,2,1,1,0,0,0,2,3,0,2,3,1,1,0,2,3,1,3,2,2,2,0,0,3,0,1,1,1,2,3,1,1,0,3,1,2,2,2,3,2,3,1,1,2,3,1,1,0,3,0,3,0,1,3,2,0,3,1,1,2,0,1,1,3,1,0
198,3,3,0,3,1,1,0,0,1,0,2,3,0,3,2,0,0,0,2,1,0,3,3,2,1,0,0,3,0,2,1,1,3,3,0,1,0,3,1,2,2,2,3,1,3,2,1,2,2,0,0,0,3,0,1,0,2,3,2,0,3,1,1,3,0,1,1,3,1,0
199,3,3,0,3,1,2,0,0,1,0,2,3,0,3,2,0,0,0,3,0,0,3,3,3,1,0,0,3,0,3,1,1,3,3,0,0,0,3,1,2,2,2,3,1,3,2,1,1,2,0,0,0,3,0,0,0,3,3,3,1,3,1,0,3,0,1,0,3,1,0
200,2,2,1,2,3,1,0,0,1,0,2,3,0,2,2,1,1,0,2,2,2,3,2,1,2,0,0,3,0,1,1,2,3,3,1,2,0,3,1,2,1,3,3,1,3,1,1,2,2,1,1,0,3,0,3,0,1,2,2,1,3,1,1,2,1,2,1,3,1,0
201,2,2,2,1,3,1,0,0,2,1,1,3,0,1,2,1,1,0,1,2,3,3,1,1,2,0,0,3,1,0,2,2,3,2,2,2,1,2,2,1,0,3,2,1,2,1,2,1,1,1,1,1,3,1,3,0,0,2,2,2,3,2,1,2,2,2,2,2,1,0
202,2,2,3,0,3,1,1,1,2,2,1,2,1,0,2,2,2,0,1,2,3,3,0,0,2,1,1,3,2,0,2,3,3,1,3,3,2,2,3,1,0,3,1,0,1,1,2,1,1,1,2,2,1,2,3,1,0,1,2,2,1,2,1,2,2,2,2,1,1,1
203,2,2,2,1,3,1,0,0,1,1,1,3,0,2,2,1,1,0,1,2,2,3,1,1,2,0,0,3,1,0,1,2,3,3,2,2,1,3,2,2,0,3,2,1,2,1,1,2,2,1,1,0,3,1,3,0,0,2,2,1,3,1,1,2,1,2,2,3,1,0
204,1,3,1,0,3,1,1,1,1,2,2,3,1,0,3,2,1,0,1,3,3,2,1,1,3,1,0,2,1,0,1,1,3,3,3,2,1,3,1,3,1,3,2,2,2,0,1,2,3,2,2,1,3,2,3,0,0,2,1,0,1,1,2,1,1,1,2,3,2,0
205,2,3,1,0,3,1,1,1,1,1,2,3,0,0,3,1,1,0,1,3,2,3,1,1,2,1,0,2,1,0,1,2,3,3,3,2,1,3,1,2,1,3,2,1,2,1,1,2,2,1,1,1,3,2,3,0,0,2,2,0,2,1,2,2,1,1,2,3,2,0
206,1,3,2,0,3,1,1,2,1,2,2,2,1,0,3,2,2,0,1,3,3,2,1,1,3,1,1,2,2,0,1,2,3,2,3,2,1,3,2,2,0,3,2,1,1,0,1,2,2,2,2,2,2,3,3,0,0,2,2,0,1,1,2,1,2,2,2,2,2,1
207,2,2,2,0,3,1,1,0,1,1,1,3,0,1,3,1,1,0,1,3,3,3,1,1,2,1,0,3,1,0,1,2,3,3,2,2,1,3,2,2,0,3,2,1,2,1,1,2,2,1,2,1,3,2,3,0,0,2,2,1,2,2,1,2,1,2,2,3,1,0
208,2,2,2,0,3,1,1,0,1,1,1,3,0,1,3,1,1,0,1,3,3,3,1,1,2,1,0,3,1,0,1,2,3,3,2,2,1,3,2,2,0,3,2,1,2,1,1,2,2,1,1,1,3,1,3,0,0,2,2,1,2,2,1,2,1,2,2,3,1,0
209,2,2,1,1,3,1,0,0,1,1,2,3,0,2,2,1,1,0,1,2,2,3,2,1,2,1,0,3,0,0,1,2,3,3,2,2,1,3,2,2,0,3,2,1,2,1,1,2,2,1,1,0,3,1,3,0,0,2,2,1,3,1,1,2,1,2,2,3,1,0
210,1,2,2,0,3,1,1,1,2,2,1,2,1,0,3,2,2,0,1,3,3,2,1,0,3,1,1,2,2,0,1,2,3,2,3,2,1,3,2,2,0,3,2,1,1,1,2,2,2,1,2,2,2,3,3,0,0,2,2,1,1,2,2,2,2,2,2,2,2,1
211,2,2,1,1,3,1,0,0,1,1,2,3,0,2,2,1,1,0,1,2,2,3,2,1,2,0,0,3,0,0,1,2,3,3,1,2,1,3,2,2,0,3,2,1,2,1,1,2,2,1,1,0,3,1,3,0,0,2,2,1,3,1,1,2,1,2,2,3,1,0
212,2,2,2,1,3,1,0,0,2,1,1,3,0,1,2,1,1,0,1,2,3,3,1,1,2,0,0,3,1,0,2,2,3,3,2,2,1,2,2,2,0,3,2,1,2,1,1,1,2,1,1,1,3,1,3,0,0,2,2,2,3,2,1,2,2,2,2,3,1,0
213,2,2,2,0,3,1,1,1,1,2,1,3,0,0,3,2,1,0,1,3,3,3,1,1,2,1,0,2,1,0,1,2,3,2,3,2,1,3,2,2,0,3,2,1,2,1,1,2,2,1,2,1,3,2,3,0,0,2,2,1,2,2,1,2,1,2,2,3,1,0
214,2,2,1,1,3,1,0,0,1,1,2,3,0,1,2,1,1,0,1,3,2,3,2,1,2,1,0,3,1,0,1,2,3,3,2,2,1,3,2,2,0,3,2,1,2,1,1,2,2,1,1,0,3,1,3,0,0,2,2,1,3,1,1,2,1,2,2,3,1,0
215,2,2,2,1,3,1,0,0,1,1,1,3,0,1,2,1,1,0,1,2,3,3,1,1,2,1,0,3,1,0,2,2,3,3,2,2,1,2,2,2,0,3,2,1,2,1,1,2,2,1,1,1,3,1,3,0,0,2,2,1,3,2,1,2,1,2,2,3,1,0
216,2,2,2,0,3,1,1,1,1,2,1,3,0,0,3,2,1,0,1,3,3,3,1,1,2,1,0,2,1,0,1,2,3,2,3,2,1,3,2,2,0,3,2,1,2,1,1,2,2,1,2,1,3,2,3,0,0,2,2,1,2,2,1,2,1,2,2,3,1,0
217,2,3,1,1,3,1,1,0,1,1,2,3,0,1,3,1,1,0,1,3,2,3,2,1,2,1,0,3,1,0,1,2,3,3,2,2,1,3,1,2,1,3,2,1,2,1,1,2,2,1,1,0,3,1,3,0,0,2,2,0,3,1,1,2,1,1,2,3,1,0
218,2,3,1,1,3,1,1,0,1,1,2,3,0,1,3,1,1,0,1,3,2,3,2,1,2,1,0,3,1,0,1,2,3,3,2,2,1,3,1,2,1,3,2,1,2,1,1,2,2,1,1,0,3,1,3,0,0,2,2,1,3,1,1,2,1,2,2,3,1,0
219,2,2,3,0,3,1,0,0,2,1,1,2,0,1,2,2,1,0,1,1,3,3,1,1,2,0,0,3,1,0,2,2,3,2,2,2,1,2,2,1,0,3,2,0,2,1,2,1,1,1,2,1,3,1,3,0,0,1,2,2,3,2,1,2,2,2,2,2,1,0
220,2,2,2,1,3,2,0,0,2,1,1,3,0,2,2,1,1,0,1,1,2,3,1,1,2,0,0,3,0,1,2,2,3,3,1,2,1,2,2,1,0,3,2,0,2,2,1,1,1,0,1,0,3,0,3,0,1,2,2,2,3,2,1,2,1,2,2,3,1,0
221,2,2,2,0,3,1,1,1,2,2,1,2,1,0,3,2,2,0,1,3,3,3,1,1,2,1,1,2,2,0,1,2,3,2,3,2,1,3,2,2,0,3,2,1,1,1,1,2,2,1,2,2,3,2,3,0,0,2,2,1,1,2,1,2,2,2,2,2,2,0
222,2,2,3,0,3,1,1,1,2,2,1,2,1,0,3,2,2,0,1,3,3,3,1,0,2,1,1,2,2,0,2,2,3,1,3,3,1,2,2,2,0,3,1,1,1,1,2,2,2,1,2,2,2,2,3,0,0,1,2,1,1,2,1,2,2,2,2,2,1,0
223,2,2,3,0,3,1,1,1,2,2,1,2,1,0,3,2,2,0,1,2,3,3,1,0,2,1,1,3,2,0,2,2,3,1,3,3,1,2,2,2,0,3,1,1,1,1,2,1,1,1,2,2,2,2,3,0,0,1,2,2,2,2,1,2,2,2,2,2,1,0
224,2,2,2,0,3,1,1,0,1,1,1,3,0,1,3,1,1,0,1,3,3,3,1,1,2,1,0,3,1,0,1,2,3,3,2,2,1,3,2,2,0,3,2,1,2,1,1,2,2,1,1,1,3,1,3,0,0,2,2,1,2,2,1,2,1,2,2,3,1,0
225,2,3,1,1,3,1,1,0,1,1,2,3,0,1,3,1,1,0,1,3,2,3,2,1,2,1,0,3,0,0,1,2,3,3,2,2,1,3,1,2,1,3,2,1,2,1,1,2,2,1,1,0,3,1,3,0,0,2,2,0,3,1,1,2,1,1,2,3,1,0
226,2,3,2,0,3,1,1,1,1,1,2,3,0,0,3,1,1,0,1,3,3,3,1,1,2,1,0,2,1,0,1,2,3,3,3,2,1,3,2,2,0,3,2,1,2,1,1,2,2,1,1,1,3,2,3,0,0,2,2,0,2,1,2,2,1,2,2,3,2,0
227,2,2,2,1,3,1,0,0,2,1,1,3,0,1,2,1,1,0,1,2,3,3,1,1,2,0,0,3,1,0,2,2,3,3,2,2,1,2,2,2,0,3,2,1,2,1,1,1,2,1,1,1,3,1,3,0,0,2,2,2,3,2,1,2,1,2,2,3,1,0
228,2,2,3,0,3,1,0,1,2,2,1,2,0,1,2,2,2,0,1,2,3,3,1,0,2,1,1,3,2,0,2,2,3,1,3,2,1,2,2,1,0,3,1,0,1,1,2,1,1,1,2,2,2,2,3,0,0,1,2,2,2,2,1,2,2,2,2,2,1,0
229,2,2,3,0,3,1,1,1,2,2,1,2,1,0,3,2,2,0,1,3,3,3,1,0,2,1,1,2,2,0,2,2,3,1,3,3,1,2,2,2,0,3,1,1,1,1,2,1,2,1,2,2,2,2,3,0,0,1,2,2,1,2,1,2,2,2,2,2,1,0
230,2,2,2,1,3,1,1,0,1,1,2,3,0,1,3,1,1,0,1,3,2,3,1,1,2,1,0,3,1,0,1,2,3,3,2,2,1,3,2,2,0,3,2,1,2,1,1,2,2,1,1,0,3,1,3,0,0,2,2,1,3,1,1,2,1,2,2,3,1,0
231,2,3,1,0,3,1,1,1,1,1,2,3,0,0,3,1,1,0,1,3,2,3,1,1,2,1,0,2,1,0,1,2,3,3,3,2,1,3,1,2,1,3,2,1,2,1,1,2,2,1,1,1,3,2,3,0,0,2,2,0,2,1,2,2,1,1,2,3,2,0
232,2,2,3,0,3,1,0,0,2,2,1,2,0,1,2,2,1,0,1,2,3,3,1,1,2,0,0,3,1,0,2,2,3,2,2,2,1,2,2,1,0,3,2,0,2,1,2,1,1,1,2,1,3,1,3,0,0,1,2,2,2,2,1,2,2,2,2,2,1,0
233,2,2,3,0,3,1,0,0,2,2,1,2,0,1,2,2,2,0,1,1,3,3,1,0,2,0,0,3,2,0,2,3,3,1,2,2,1,2,2,1,0,3,1,0,2,1,2,1,1,1,2,2,2,1,3,0,0,1,2,2,2,2,1,2,2,2,2,2,1,0
234,2,2,2,0,3,1,1,0,1,1,1,3,0,1,3,1,1,0,1,3,3,3,1,1,2,1,0,3,1,0,1,2,3,3,2,2,1,3,2,2,0,3,2,1,2,1,1,2,2,1,1,1,3,1,3,0,0,2,2,1,2,2,1,2,1,2,2,3,1,0
235,2,1,3,1,3,2,0,0,2,1,1,3,0,2,2,1,1,0,1,0,3,3,1,1,1,0,0,3,1,1,2,3,3,2,1,2,1,2,3,1,0,3,2,0,2,2,2,1,1,0,1,1,3,0,3,0,1,1,3,3,3,2,0,2,2,2,2,2,1,0
236,2,2,2,1,3,1,0,0,2,1,1,3,0,2,2,1,1,0,1,1,3,3,1,1,2,0,0,3,1,0,2,2,3,3,1,2,1,2,2,1,0,3,2,1,2,1,2,1,1,1,1,1,3,1,3,0,0,2,2,2,3,2,1,2,2,2,2,3,1,0
237,2,2,2,0,3,1,1,1,1,1,1,3,0,0,3,1,1,0,1,3,3,3,1,1,2,1,0,3,1,0,1,2,3,3,3,2,1,3,2,2,0,3,2,1,2,1,1,2,2,1,2,1,3,2,3,0,0,2,2,1,2,1,1,2,1,2,2,3,1,0
238,2,2,2,2,3,1,0,0,1,0,1,3,0,2,2,1,1,0,2,1,2,3,1,1,2,0,0,3,0,1,2,2,3,3,1,2,1,2,2,1,0,3,2,1,2,2,1,1,2,0,1,0,3,0,3,0,1,2,2,2,3,2,1,2,1,2,2,3,1,0
239,2,3,1,1,3,1,1,0,1,1,2,3,0,1,3,1,1,0,1,3,2,3,2,1,2,1,0,3,1,0,1,2,3,3,2,2,1,3,1,2,1,3,2,1,2,1,1,2,2,1,1,0,3,1,3,0,0,2,2,0,3,1,1,2,1,1,2,3,2,0
240,1,3,1,0,3,1,2,2,1,2,2,3,1,0,3,1,1,1,1,3,2,2,2,1,3,2,0,2,1,0,1,1,2,3,3,2,1,3,1,3,1,3,2,2,2,0,1,2,3,2,2,1,3,3,3,0,0,2,1,0,1,1,2,1,1,1,2,3,2,0
241,2,3,1,1,3,1,0,0,1,0,2,3,0,2,2,1,1,0,2,2,2,3,2,1,2,1,0,3,0,0,1,2,3,3,1,2,1,3,1,2,1,3,2,1,2,1,1,2,2,1,1,0,3,1,3,0,0,2,2,1,3,1,1,2,1,2,2,3,1,0
242,3,2,2,2,3,2,0,0,2,0,1,3,0,3,2,1,1,0,2,0,2,3,2,1,1,0,0,3,0,1,2,2,3,3,0,2,0,2,2,1,0,3,2,0,3,2,1,1,1,0,1,0,3,0,2,0,2,2,3,2,3,2,0,3,1,2,1,3,1,0
243,2,3,2,0,3,1,1,1,1,1,2,3,0,0,3,1,1,0,1,3,3,3,1,1,2,1,0,2,1,0,1,2,3,3,3,2,1,3,2,2,0,3,2,1,2,1,1,2,2,1,2,1,3,2,3,0,0,2,2,0,2,1,2,2,1,2,2,3,2,0
244,2,2,3,1,3,1,0,0,2,1,1,3,0,2,2,2,1,0,1,1,3,3,1,1,2,0,0,3,1,0,2,2,3,2,2,2,1,2,2,1,0,3,2,0,2,1,2,1,1,0,2,1,3,1,3,0,0,1,2,2,3,2,1,2,2,2,2,2,1,0
245,2,2,3,1,3,2,0,0,2,1,1,3,0,2,2,1,1,0,1,1,3,3,1,1,1,0,0,3,1,1,2,2,3,2,1,2,1,2,2,1,0,3,2,0,2,2,2,1,1,0,1,1,3,1,3,0,1,1,2,2,3,2,0,2,2,2,2,2,1,0
246,1,3,2,0,3,1,1,1,1,2,2,3,1,0,3,2,1,0,1,3,3,2,1,1,3,1,0,2,2,0,1,2,3,2,3,2,1,3,2,2,0,3,2,1,1,0,1,2,2,1,2,1,3,2,3,0,0,2,2,0,1,1,2,2,1,2,2,3,2,0
247,2,2,2,0,3,1,1,1,2,2,1,2,0,0,3,2,1,0,1,3,3,3,1,1,2,1,0,2,1,0,1,2,3,2,3,2,1,2,2,2,0,3,2,1,2,1,1,2,2,1,2,1,3,2,3,0,0,2,2,1,2,2,1,2,2,2,2,2,1,0
248,2,1,3,1,3,2,0,0,2,1,1,3,0,3,2,1,1,0,1,0,3,3,1,1,1,0,0,3,1,1,2,3,3,2,1,2,1,2,3,1,0,3,2,0,2,2,2,1,1,0,1,1,3,0,3,0,1,1,3,3,3,2,0,3,2,2,2,2,1,0
249,2,3,1,1,3,1,1,0,1,1,2,3,0,1,3,1,1,0,1,3,2,3,2,1,2,1,0,2,0,0,1,1,3,3,2,2,1,3,1,2,1,3,3,1,2,1,1,2,2,1,1,0,3,1,3,0,0,2,2,0,3,1,2,2,1,1,2,3,2,0
