id,Q1,Q2,Q3,Q4,Q5,Q6,Q7,Q8,Q9,Q10,Q11,Q12,Q13,Q14,Q15,Q16,Q17,Q18,Q19,Q20,Q21,Q22,Q23,Q24,Q25,Q26,Q27,Q28,Q29,Q30,Q31,Q32,Q33,Q34,Q35,Q36,Q37,Q38,Q39,Q40
0,1,0,3,3,1,0,3,0,0,0,0,0,3,1,2,0,2,0,0,3,0,1,1,0,2,3,2,0,3,0,0,1,3,0,0,1,1,0,3,1
1,2,0,3,3,1,0,3,1,0,0,0,1,3,1,2,0,2,0,0,3,0,1,1,1,1,3,2,0,2,0,0,1,3,0,0,1,1,1,2,2
2,1,0,3,3,1,0,3,0,0,0,0,0,3,1,2,0,2,0,0,3,0,1,1,1,2,3,2,0,2,0,1,1,3,0,0,1,1,1,2,2
3,1,0,3,3,1,0,3,0,0,0,0,0,3,1,2,0,2,0,0,3,0,1,1,0,2,3,2,0,3,0,0,1,3,0,0,1,1,0,3,1
4,1,0,3,3,1,0,3,0,0,0,0,0,3,1,2,0,2,0,0,3,0,1,1,0,2,3,2,0,2,0,0,1,3,0,0,1,1,0,3,1
5,1,0,3,3,1,0,3,0,0,0,0,0,3,1,3,0,2,0,0,3,0,1,1,0,2,3,2,0,3,0,0,0,3,0,0,1,2,0,3,1
6,1,0,3,2,1,0,3,0,0,0,0,0,3,0,1,0,2,0,0,3,0,1,1,0,2,3,2,0,3,0,1,1,3,0,0,0,1,0,3,1
7,1,0,3,2,1,0,3,0,0,0,0,0,3,1,2,0,2,0,0,3,0,1,1,0,2,3,2,0,3,0,1,1,3,0,0,1,1,0,3,1
8,1,0,3,2,1,0,3,0,0,0,0,0,3,1,2,0,2,0,0,3,0,1,1,0,2,3,2,0,3,0,1,1,3,0,0,1,1,0,3,1
9,1,0,3,2,1,0,3,0,0,0,0,0,3,1,2,0,2,0,0,3,0,1,1,0,2,3,2,0,3,0,1,1,3,0,0,0,1,0,3,1
10,1,0,3,3,1,0,3,0,0,0,0,0,3,1,3,0,2,0,0,3,0,1,1,0,1,3,2,0,2,0,0,0,3,0,0,1,2,0,2,2
11,1,0,3,2,1,0,3,0,0,0,0,0,3,0,2,0,2,0,0,3,0,1,1,0,2,3,2,0,3,0,1,1,3,0,0,0,1,0,3,1
12,1,0,3,3,1,0,3,0,0,0,0,0,3,1,2,0,2,0,0,3,0,1,1,0,2,3,2,0,3,0,0,0,3,0,0,1,2,0,3,1
13,1,0,3,2,1,0,3,0,0,0,0,0,3,1,2,0,2,0,0,3,0,1,1,0,2,3,2,0,3,0,1,1,3,0,0,1,1,0,3,1
14,1,0,3,2,2,0,3,1,0,1,0,1,2,0,1,0,2,0,0,3,1,2,1,1,2,3,3,0,2,1,1,2,2,0,0,0,0,1,3,1
15,1,0,3,2,1,0,3,0,0,1,0,0,3,0,2,0,3,0,0,3,0,1,1,0,2,3,2,0,3,0,1,1,3,0,0,0,1,0,3,0
16,1,0,3,2,1,0,3,0,0,0,0,0,3,1,2,0,2,0,0,3,0,1,1,1,2,3,2,0,3,0,1,1,3,0,0,0,1,0,3,1
17,1,0,3,2,1,0,3,0,0,0,0,0,3,0,2,0,2,0,0,3,0,1,1,0,2,3,2,0,3,0,1,1,3,0,0,0,1,0,3,1
18,1,0,3,2,1,0,3,0,0,0,0,0,3,1,2,0,2,0,0,3,0,1,1,0,2,3,2,0,2,0,1,1,3,0,0,1,1,0,3,1
19,1,0,3,2,1,0,3,0,0,2,0,0,3,0,2,0,3,0,0,3,0,1,1,0,2,3,2,0,3,0,1,0,3,0,0,0,2,0,3,0
20,1,0,3,2,1,0,3,0,0,0,0,0,3,0,1,0,2,0,0,3,0,1,1,0,2,3,2,0,3,0,1,1,3,0,0,0,1,0,3,1
21,1,0,3,3,1,0,3,0,0,0,0,0,3,1,2,0,2,0,0,3,0,1,1,0,2,3,2,0,3,0,0,1,3,0,0,1,1,0,3,1
22,1,0,3,2,2,0,3,0,0,3,0,1,3,0,1,0,3,0,0,3,1,2,1,1,2,3,3,0,3,0,1,1,3,0,0,0,0,0,3,1
23,1,0,3,3,1,0,3,0,0,0,0,0,3,1,2,0,2,0,0,3,0,1,1,0,2,3,2,0,2,0,0,1,3,0,0,1,1,0,3,1
24,1,0,3,3,1,0,3,0,0,0,0,0,3,1,3,0,2,0,0,3,0,1,1,0,1,3,2,0,2,0,0,0,3,0,0,1,2,0,3,1
25,1,0,3,3,1,0,3,0,0,0,0,0,3,1,2,0,2,0,0,3,0,1,1,0,2,3,2,0,2,0,0,1,3,0,0,1,1,0,3,2
26,1,0,3,3,1,0,3,0,0,0,0,0,3,1,2,0,2,0,0,3,0,1,1,0,2,3,2,0,2,0,0,1,3,0,0,1,1,0,2,2
27,1,0,3,2,2,0,3,1,0,2,0,1,2,0,1,0,2,0,0,3,1,2,1,1,2,3,3,0,3,0,1,2,2,0,0,0,0,0,3,1
28,1,0,3,2,2,0,3,0,0,0,0,0,3,0,1,0,2,0,0,3,0,1,1,1,2,3,3,0,3,0,1,1,3,0,0,0,1,0,3,1
29,1,0,3,3,1,0,3,0,0,0,0,0,3,1,3,0,2,0,0,3,0,1,1,0,1,3,2,0,3,0,0,0,3,0,0,1,2,0,3,1
30,1,0,3,2,2,0,3,0,0,0,0,0,3,0,1,0,2,0,0,3,0,1,1,1,2,3,2,0,3,0,1,1,3,0,0,0,1,0,3,1
31,1,0,3,3,1,0,3,0,0,0,0,0,3,1,2,0,2,0,0,3,0,1,1,0,1,3,2,0,2,0,0,1,3,0,0,1,1,0,3,2
32,1,0,3,2,2,0,3,0,0,3,0,0,3,0,1,0,3,0,0,3,0,1,1,1,2,3,3,0,3,0,1,1,3,0,0,0,0,0,3,0
33,1,0,3,3,1,0,3,0,0,0,0,0,3,1,2,0,2,0,0,3,0,1,1,0,2,3,2,0,3,0,0,1,3,0,0,1,1,0,3,1
34,1,0,3,2,1,0,3,0,0,0,0,0,3,0,2,0,2,0,0,3,0,1,1,0,2,3,2,0,3,0,1,1,3,0,0,0,1,0,3,1
35,1,0,3,2,1,0,3,0,0,2,0,0,3,0,2,0,3,0,0,3,0,1,1,0,2,3,2,0,3,0,1,0,3,0,0,0,2,0,3,0
36,1,0,3,3,1,0,3,0,0,0,0,0,3,1,3,0,2,0,0,3,0,1,1,0,2,3,2,0,2,0,0,0,3,0,0,1,2,0,3,1
37,1,0,3,3,1,0,3,0,0,0,0,0,3,1,2,0,2,0,0,3,0,1,1,0,1,3,2,0,2,0,0,1,3,0,0,1,1,1,2,2
38,1,0,3,3,1,0,3,0,0,0,0,0,3,1,2,0,2,0,0,3,0,1,1,0,2,3,2,0,2,0,1,1,3,0,0,1,1,0,3,2
39,1,0,3,2,1,0,3,0,0,0,0,1,3,1,2,0,2,0,0,3,0,1,1,1,2,3,2,0,2,0,1,1,3,0,0,1,1,1,3,2
40,1,0,3,3,1,0,3,0,0,0,0,0,3,1,2,0,2,0,0,3,0,1,1,0,2,3,2,0,3,0,0,0,3,0,0,0,2,0,3,1
41,1,0,3,2,2,0,3,0,0,3,0,0,3,0,1,0,3,0,0,3,0,1,1,1,2,3,3,0,3,0,1,1,3,0,0,0,1,0,3,0
42,1,0,3,2,1,0,3,0,0,0,0,0,3,1,2,0,2,0,0,3,0,1,1,0,2,3,2,0,3,0,1,1,3,0,0,0,1,0,3,1
43,1,0,3,3,1,0,3,0,0,0,0,0,3,1,3,0,2,0,0,3,0,1,1,0,1,3,2,0,2,0,0,0,3,0,0,1,2,0,3,1
44,1,0,3,2,1,0,3,0,0,0,0,1,3,1,2,0,2,0,0,3,0,1,1,1,2,3,2,0,2,0,1,1,3,0,0,1,1,1,3,2
45,1,0,3,3,1,0,3,0,0,0,0,0,3,1,2,0,2,0,0,3,0,1,1,0,2,3,2,0,2,0,0,1,3,0,0,1,1,0,3,1
46,1,0,3,3,1,0,3,0,0,0,0,0,3,1,3,0,2,0,0,3,0,1,1,0,1,3,1,0,2,0,0,0,3,0,0,1,2,0,3,1
47,1,0,3,2,1,0,3,0,0,3,0,0,3,0,1,0,3,0,0,3,0,1,1,0,2,3,2,0,3,0,1,1,3,0,0,0,1,0,3,0
48,2,0,3,2,1,0,3,1,0,0,0,1,2,1,2,0,2,0,0,3,0,1,1,1,1,3,2,0,2,1,1,2,3,0,0,1,1,1,2,2
49,0,0,3,2,2,0,3,0,0,3,0,0,3,0,1,0,3,0,0,3,0,1,1,0,3,3,3,0,3,0,1,1,3,0,0,0,1,0,3,0
50,1,0,3,1,3,1,3,2,0,3,0,2,1,0,0,0,2,0,0,1,3,2,2,2,2,3,3,0,2,2,2,3,1,0,0,0,0,2,2,2
51,1,0,3,1,3,2,3,2,0,3,0,2,1,0,0,0,3,0,0,0,3,3,2,2,3,3,3,0,2,2,2,3,0,0,1,0,0,2,2,2
52,1,0,3,0,3,3,3,2,0,3,0,2,1,0,0,0,3,0,0,0,3,3,3,2,3,3,3,0,2,2,3,3,0,0,1,0,0,2,3,2
53,1,0,1,0,3,3,3,2,1,3,0,2,0,0,0,0,3,3,0,0,3,3,3,3,3,3,3,3,2,2,3,3,0,0,1,0,0,2,3,2
54,1,0,3,1,3,2,3,2,1,3,0,2,0,0,0,0,3,1,0,0,3,3,3,2,3,3,3,0,2,2,2,3,0,0,1,0,0,3,2,2
55,1,0,3,0,3,2,3,2,0,3,0,2,1,0,0,0,3,0,0,0,3,3,3,2,3,3,3,0,2,2,3,3,0,0,1,0,0,2,3,2
56,0,0,3,0,3,3,3,2,0,3,0,2,1,0,0,0,3,0,0,0,3,3,3,2,3,3,3,0,3,2,3,3,0,0,0,0,0,2,3,1
57,0,0,3,0,3,2,3,2,0,3,0,2,1,0,0,0,3,0,0,0,3,3,2,2,3,3,3,0,3,1,3,3,1,0,0,0,0,1,3,1
58,0,0,0,0,3,3,3,3,1,3,0,3,0,0,0,0,3,3,0,0,3,3,3,3,3,3,3,3,2,2,3,3,0,0,1,0,0,3,3,2
59,1,0,2,0,3,2,3,2,1,3,0,2,0,0,0,0,3,2,0,0,3,3,3,3,3,3,3,1,2,2,3,3,0,0,1,0,0,3,2,2
60,1,0,3,1,3,2,3,2,1,3,0,2,1,0,0,0,3,1,0,0,3,3,3,2,3,3,3,0,2,2,3,3,0,0,1,0,0,3,2,2
61,1,0,3,1,3,2,3,3,1,3,0,2,1,1,0,0,2,1,0,0,3,3,2,2,2,3,3,0,1,2,2,3,1,0,1,0,0,3,2,3
62,1,0,2,0,3,3,3,2,1,3,0,2,0,0,0,0,3,3,0,0,3,3,3,3,3,3,3,3,2,2,3,3,0,0,1,0,0,3,3,2
63,1,0,3,0,3,2,3,3,1,3,0,2,0,0,0,0,3,3,0,0,3,3,3,3,3,3,3,1,2,2,3,3,0,0,1,0,0,3,2,3
64,1,0,3,0,3,2,3,3,1,3,0,2,0,0,0,0,3,2,0,0,3,3,3,3,3,3,3,0,2,2,3,3,0,0,1,0,0,3,2,3
65,1,0,3,1,3,2,3,3,1,3,0,3,0,0,0,0,2,3,0,0,3,3,3,3,3,3,3,0,1,2,3,3,0,0,2,0,0,3,2,3
66,1,0,3,0,3,2,3,2,0,3,0,2,1,0,0,0,3,0,0,0,3,3,3,2,3,3,3,0,2,2,3,3,0,0,0,0,0,2,3,2
67,1,0,3,1,3,2,3,2,1,3,0,2,1,0,0,0,3,1,0,0,3,3,3,2,3,3,3,0,2,2,2,3,0,0,1,0,0,3,2,2
68,1,0,3,1,3,2,3,3,1,3,0,2,1,0,0,0,2,1,0,0,3,3,2,2,2,3,3,0,1,2,2,3,0,0,1,0,0,3,2,3
69,1,1,3,1,3,2,3,3,1,3,0,3,0,1,0,0,2,3,1,0,3,3,3,3,2,3,3,0,1,3,2,3,0,0,2,0,0,3,1,3
70,1,0,2,0,3,3,3,2,0,3,0,2,0,0,0,0,3,1,0,0,3,3,3,3,3,3,3,3,2,2,3,3,0,0,1,0,0,2,3,2
71,1,0,3,0,3,2,3,3,1,3,0,2,0,0,0,0,3,3,0,0,3,3,3,3,3,3,3,1,2,2,3,3,0,0,1,0,0,3,2,3
72,1,0,3,1,3,2,3,2,0,3,0,2,1,0,0,0,3,0,0,1,3,2,2,2,3,3,3,0,2,1,2,3,1,0,0,0,0,2,3,2
73,1,0,2,0,3,2,3,3,1,3,0,3,0,0,0,0,3,3,0,0,3,3,3,3,3,3,3,3,1,2,3,3,0,0,2,0,0,3,2,3
74,1,0,3,1,3,2,3,2,1,3,0,2,1,0,0,0,3,1,0,0,3,3,3,2,3,3,3,0,2,2,2,3,0,0,1,0,0,3,2,2
75,1,0,3,1,3,2,3,2,0,3,0,2,1,0,0,0,3,0,0,0,3,3,2,2,3,3,3,0,2,2,2,3,0,0,1,0,0,2,2,2
76,1,0,3,1,3,1,3,2,0,3,0,2,1,0,0,0,3,0,0,2,3,2,2,2,3,3,3,0,2,1,2,3,1,0,0,0,0,2,3,2
77,1,0,0,0,3,3,3,3,1,3,0,3,0,0,0,0,3,3,0,0,3,3,3,3,3,3,3,3,2,3,3,3,0,0,2,0,0,3,2,3
78,1,0,3,1,3,2,3,3,1,3,0,2,0,0,0,0,3,3,0,0,3,3,3,3,3,3,3,0,1,2,3,3,0,0,1,0,0,3,2,3
79,1,0,2,0,3,3,3,3,1,3,0,3,0,0,0,0,3,3,0,0,3,3,3,3,3,3,3,3,2,2,3,3,0,0,1,0,0,3,2,2
80,1,0,3,0,3,2,3,2,0,3,0,2,1,0,0,0,3,0,0,0,3,3,2,2,3,3,3,0,3,2,3,3,0,0,0,0,0,2,3,2
81,1,0,3,1,3,2,3,2,0,3,0,2,1,0,0,0,3,0,0,0,3,3,2,2,3,3,3,0,2,2,2,3,1,0,0,0,0,2,3,2
82,1,0,3,1,3,2,3,3,1,3,0,2,0,0,0,0,2,2,0,0,3,3,3,2,3,3,3,0,1,2,2,3,0,0,1,0,0,3,2,3
83,1,0,3,1,3,2,3,3,1,3,0,2,0,0,0,0,2,3,0,0,3,3,3,3,3,3,3,0,1,2,2,3,0,0,1,0,0,3,2,3
84,1,0,3,1,3,2,3,2,1,3,0,2,1,0,0,0,2,0,0,1,3,3,2,2,2,3,3,0,2,2,2,3,1,0,1,0,0,3,2,3
85,1,0,1,0,3,3,3,3,1,3,0,3,0,0,0,0,2,3,0,0,3,3,3,3,3,3,3,3,1,3,3,3,0,0,2,0,0,3,2,3
86,1,0,3,1,3,2,3,2,0,3,0,2,1,0,0,0,3,0,0,0,3,3,2,2,3,3,3,0,2,2,2,3,0,0,1,0,0,2,2,2
87,1,0,3,1,3,2,3,2,0,3,0,2,1,0,0,0,3,0,0,0,3,3,2,2,3,3,3,0,2,2,2,3,1,0,0,0,0,2,3,2
88,1,0,3,1,3,2,3,2,0,3,0,2,1,0,0,0,3,0,0,0,3,3,2,2,3,3,3,0,2,2,2,3,0,0,0,0,0,2,3,2
89,1,0,3,1,3,1,3,2,1,3,0,2,1,1,0,0,2,0,0,1,3,2,2,2,2,3,3,0,1,2,2,3,1,0,1,0,0,3,2,3
90,1,0,3,1,3,2,3,3,1,3,0,3,0,1,0,0,2,3,0,0,3,3,3,3,2,3,3,0,1,2,2,3,0,0,2,0,0,3,1,3
91,1,0,2,0,3,3,3,3,1,3,0,2,0,0,0,0,3,3,0,0,3,3,3,3,3,3,3,3,2,2,3,3,0,0,1,0,0,3,2,2
92,0,0,3,1,3,2,3,1,0,3,0,2,1,0,0,0,3,0,0,1,3,3,2,2,3,3,3,0,3,1,2,3,1,0,0,0,0,1,3,1
93,1,0,3,1,3,2,3,2,0,3,0,2,1,0,0,0,3,0,0,0,3,3,2,2,3,3,3,0,2,2,2,3,0,0,1,0,0,2,3,2
94,1,0,3,1,3,1,3,2,0,3,0,2,1,0,0,0,2,0,0,1,3,2,2,2,2,3,3,0,2,2,2,3,1,0,0,0,0,2,2,2
95,0,0,1,0,3,3,3,2,0,3,0,2,1,0,0,0,3,0,0,0,3,3,3,3,3,3,3,3,3,2,3,3,0,0,0,0,0,2,3,1
96,1,0,3,1,3,2,3,2,0,3,0,2,1,0,0,0,3,0,0,0,3,3,2,2,3,3,3,0,2,2,2,3,0,0,0,0,0,2,3,2
97,1,0,3,1,3,1,3,2,0,3,0,2,1,1,0,0,2,0,0,1,3,2,2,2,2,3,3,0,1,2,2,3,1,0,0,0,0,3,2,3
98,1,0,2,0,3,3,3,2,0,3,0,2,0,0,0,0,3,1,0,0,3,3,3,3,3,3,3,2,2,2,3,3,0,0,1,0,0,2,3,2
99,1,0,3,0,3,2,3,2,0,3,0,2,1,0,0,0,3,0,0,0,3,3,3,2,3,3,3,0,2,2,3,3,0,0,0,0,0,2,3,2
100,3,0,3,3,0,0,2,2,1,0,2,1,2,3,3,2,1,0,0,3,0,1,1,0,0,1,1,0,0,1,0,1,3,0,0,2,1,3,0,3
101,3,0,3,3,1,0,2,2,1,0,2,1,2,3,3,2,1,0,0,3,0,1,1,1,0,2,2,0,0,1,0,2,3,0,0,2,1,3,0,3
102,3,0,3,3,0,0,2,2,1,0,2,1,2,3,3,3,0,0,1,3,0,1,1,1,0,1,1,0,0,1,0,2,3,0,0,2,1,3,0,3
103,3,0,3,3,0,0,1,2,1,0,3,1,2,3,3,3,0,0,1,3,0,1,1,0,0,1,1,0,0,1,0,1,3,0,0,2,1,3,0,3
104,3,0,3,3,0,0,2,1,0,0,2,0,3,3,3,3,1,0,0,3,0,0,1,0,0,1,1,0,0,1,0,1,3,0,0,2,2,3,1,3
105,3,0,3,3,0,0,2,2,1,0,2,1,2,3,3,3,0,0,1,3,0,1,1,1,0,1,2,0,0,1,0,2,3,0,1,2,1,3,0,3
106,3,0,3,3,0,0,1,2,1,0,3,1,2,3,3,3,0,0,1,3,0,1,1,0,0,0,1,0,0,1,0,1,3,1,0,2,1,3,0,3
107,3,0,3,3,0,0,2,2,1,0,2,1,2,3,3,3,0,0,1,3,0,1,1,1,0,1,1,0,0,1,0,2,3,0,0,2,1,3,0,3
108,2,0,3,3,1,0,3,2,1,0,2,1,2,2,3,1,1,0,0,3,0,1,1,1,0,2,2,0,0,1,0,2,3,0,0,2,1,3,1,3
109,3,0,3,3,0,0,2,2,1,0,2,1,2,3,3,3,1,0,0,3,0,1,1,0,0,1,1,0,0,1,0,1,3,0,0,2,1,3,0,3
110,3,0,3,3,0,0,1,3,1,0,3,1,2,3,3,3,0,0,1,3,0,0,1,0,0,0,1,0,0,1,0,1,3,1,1,3,1,3,0,3
111,3,0,3,3,0,0,2,2,1,0,2,1,2,3,3,2,1,0,0,3,0,1,1,1,0,1,1,0,0,1,0,1,3,0,0,2,1,3,0,3
112,3,0,3,3,1,0,2,3,1,0,2,2,1,3,3,1,1,0,1,3,0,1,1,1,0,1,2,0,0,2,0,2,2,1,1,2,0,3,0,3
113,3,0,3,3,0,0,2,2,1,0,2,1,2,3,3,3,0,0,1,3,0,1,1,1,0,1,1,0,0,1,0,2,3,0,0,2,1,3,0,3
114,3,0,3,3,1,0,2,2,1,0,2,1,2,3,3,1,1,0,1,3,0,1,1,1,0,2,2,0,0,1,0,2,3,0,0,2,1,3,0,3
115,3,0,3,3,0,0,1,2,1,0,3,1,2,3,3,3,0,0,1,3,0,0,1,0,0,1,1,0,0,1,0,1,3,0,0,2,2,3,0,3
116,3,0,3,3,1,0,1,3,1,0,3,1,1,3,3,3,0,0,1,3,0,1,1,1,0,1,2,0,0,2,0,2,3,1,1,2,0,3,0,3
117,3,0,3,3,0,0,2,2,1,0,2,1,2,3,3,3,0,0,1,3,0,1,1,1,0,1,2,0,0,2,0,2,3,1,1,2,1,3,0,3
118,3,0,3,3,0,0,2,2,1,0,2,1,2,3,3,3,0,0,1,3,0,1,1,0,0,1,1,0,0,1,0,1,3,0,0,2,1,3,0,3
119,3,0,3,3,0,0,3,2,1,0,2,1,2,2,3,2,1,0,0,3,0,1,1,0,0,2,2,0,0,1,0,1,3,0,0,2,1,3,1,3
120,3,0,3,3,0,0,2,2,1,0,2,1,2,3,3,3,1,0,0,3,0,1,1,0,0,1,1,0,0,1,0,1,3,0,0,2,1,3,0,3
121,3,0,3,3,1,0,2,2,1,0,2,1,2,3,3,1,1,0,1,3,0,1,1,1,0,1,2,0,0,1,0,2,3,0,0,2,0,3,0,3
122,3,0,3,3,0,0,1,2,1,0,3,0,3,3,3,3,0,0,1,3,0,0,0,0,0,0,0,0,0,1,0,0,3,0,0,3,2,3,0,3
123,3,0,3,3,0,0,2,1,0,0,2,0,3,3,3,3,1,0,0,3,0,0,1,0,0,1,1,0,0,1,0,1,3,0,0,2,2,3,1,3
124,2,0,3,3,1,0,3,2,1,0,2,1,2,2,3,1,1,0,0,3,0,1,1,1,0,2,2,0,0,1,0,2,3,0,0,2,1,3,1,3
125,3,0,3,3,0,0,2,2,1,0,3,1,3,3,3,3,0,0,0,3,0,0,1,0,0,1,1,0,0,1,0,1,3,0,0,2,2,3,0,3
126,2,0,3,3,0,0,3,1,0,0,2,1,3,2,3,2,1,0,0,3,0,1,1,0,0,2,1,0,0,1,0,1,3,0,0,2,1,3,1,3
127,3,0,3,3,1,0,2,2,1,0,2,1,2,3,3,2,1,0,0,3,0,1,1,1,0,1,2,0,0,1,0,2,3,0,0,2,1,3,0,3
128,3,0,3,3,0,0,3,1,0,0,2,0,3,3,3,3,1,0,0,3,0,0,1,0,0,1,1,0,0,1,0,1,3,0,0,2,2,2,1,3
129,2,0,3,3,1,0,3,2,1,0,2,1,2,2,3,0,1,0,0,3,0,1,1,1,0,2,2,0,0,1,0,2,3,0,0,2,1,3,1,3
130,3,0,3,3,0,0,1,3,1,0,3,1,2,3,3,3,0,0,1,3,0,1,1,1,0,1,2,0,0,2,0,2,3,1,1,2,1,3,0,3
131,3,0,3,3,1,0,3,2,1,0,2,1,2,2,3,2,1,0,0,3,0,1,1,1,0,2,2,0,0,1,0,1,3,0,0,2,1,3,1,3
132,2,0,3,3,0,0,3,1,0,0,1,0,3,2,3,1,1,0,0,3,0,1,1,0,0,2,1,0,1,0,0,1,3,0,0,2,2,2,1,3
133,2,0,3,3,1,0,3,1,0,0,1,1,3,2,3,1,1,0,0,3,0,1,1,0,0,2,2,0,0,1,0,1,3,0,0,2,1,3,1,3
134,2,0,3,3,1,0,3,1,0,0,1,1,2,2,3,0,1,0,0,3,0,1,1,0,1,2,2,0,0,1,0,1,3,0,0,2,1,2,1,3
135,3,0,3,3,0,0,1,2,1,0,3,0,3,3,3,3,0,0,0,3,0,0,0,0,0,0,0,0,0,1,0,0,3,0,0,3,2,3,0,3
136,3,0,3,3,0,0,2,2,1,0,2,1,2,3,3,3,0,0,1,3,0,1,1,1,0,1,2,0,0,2,0,2,3,1,1,2,1,3,0,3
137,3,0,3,3,0,0,1,2,1,0,3,1,2,3,3,3,0,0,1,3,0,0,1,0,0,0,1,0,0,1,0,1,3,0,0,3,2,3,0,3
138,3,0,3,3,0,0,2,2,1,0,3,1,2,3,3,3,0,0,1,3,0,1,1,0,0,1,1,0,0,1,0,1,3,0,0,2,1,3,0,3
139,3,0,3,3,0,0,2,2,1,0,2,1,2,3,3,2,1,0,0,3,0,1,1,1,0,1,1,0,0,1,0,1,3,0,0,2,1,3,0,3
140,3,0,3,3,0,0,2,1,0,0,2,0,3,3,3,3,0,0,0,3,0,0,0,0,0,1,1,0,0,1,0,1,3,0,0,2,2,3,0,3
141,2,0,3,3,1,0,3,2,1,0,2,1,2,2,3,1,1,0,0,3,0,1,1,1,0,2,2,0,0,1,0,2,3,0,0,2,1,3,1,3
142,3,0,3,3,1,0,1,3,1,0,3,1,2,3,3,3,0,0,1,3,0,1,1,1,0,1,2,0,0,2,0,2,3,1,1,2,0,3,0,3
143,3,0,3,3,1,0,2,2,1,0,2,1,2,3,3,2,1,0,0,3,0,1,1,1,0,1,2,0,0,1,0,2,3,0,0,2,1,3,0,3
144,2,0,3,3,0,0,3,1,0,0,2,0,3,2,3,2,1,0,0,3,0,1,1,0,0,2,1,0,0,1,0,1,3,0,0,2,2,2,1,3
145,3,0,3,3,1,0,2,2,1,0,2,1,2,3,3,2,1,0,1,3,0,1,1,1,0,1,2,0,0,1,0,2,3,0,0,2,1,3,0,3
146,3,0,3,3,0,0,2,2,1,0,2,1,2,3,3,3,0,0,1,3,0,1,1,0,0,1,1,0,0,1,0,1,3,0,0,2,1,3,0,3
147,3,0,3,3,0,0,1,3,1,0,3,1,2,3,3,3,0,0,1,3,0,1,1,1,0,0,1,0,0,2,0,2,3,1,1,3,1,3,0,3
148,3,0,3,3,1,0,1,3,2,0,3,2,1,3,3,2,0,0,1,3,0,1,1,1,0,1,2,0,0,2,0,2,2,2,1,2,0,3,0,3
149,3,0,3,3,0,0,3,2,1,0,2,1,2,3,3,2,1,0,0,3,0,1,1,0,0,1,1,0,0,1,0,1,3,0,0,2,1,3,1,3
150,2,2,3,2,2,0,2,3,2,0,2,3,0,2,0,0,1,3,2,1,3,2,2,2,1,2,3,0,0,3,1,3,0,3,3,1,0,3,0,3
151,2,2,3,1,3,1,2,3,2,0,1,3,0,2,0,0,1,3,2,0,3,3,3,3,1,3,3,0,0,3,2,3,0,3,3,1,0,3,0,3
152,2,1,3,2,2,0,2,3,2,0,1,3,0,2,0,0,1,3,1,1,3,2,2,2,1,3,3,0,0,3,1,3,1,2,3,1,0,3,0,3
153,2,1,3,2,2,0,2,3,2,0,2,2,0,2,0,0,1,3,1,2,3,2,2,2,1,2,3,0,0,3,1,3,1,3,3,2,0,3,0,3
154,2,1,3,2,2,0,2,3,2,0,2,2,0,2,0,0,1,3,1,2,3,2,2,2,1,2,3,0,0,3,1,3,1,2,3,2,0,3,0,3
155,2,1,3,2,2,0,2,3,2,0,1,3,0,2,0,0,1,3,2,1,3,2,2,2,1,3,3,0,0,3,2,3,0,3,3,1,0,3,0,3
156,2,2,3,1,3,1,3,3,2,0,1,3,0,2,0,0,1,3,1,0,3,3,3,3,1,3,3,0,0,3,2,3,0,2,3,1,0,3,0,3
157,2,1,3,2,2,0,2,3,2,0,2,3,0,2,0,0,1,3,1,2,3,2,2,2,1,2,3,0,0,3,1,3,1,2,3,2,0,3,0,3
158,2,2,3,1,3,1,2,3,2,0,1,3,0,2,0,0,1,3,2,0,3,3,3,3,1,3,3,0,0,3,2,3,0,3,3,1,0,3,0,3
159,3,2,3,2,2,0,1,3,3,0,2,3,0,3,1,0,0,3,2,1,3,2,2,2,0,1,3,0,0,3,1,3,1,3,3,2,0,3,0,3
160,2,2,3,2,2,1,2,3,2,0,1,3,0,2,0,0,1,3,2,0,3,3,2,3,1,3,3,0,0,3,2,3,0,3,3,1,0,3,0,3
161,2,1,3,2,2,0,3,3,2,0,1,3,0,2,0,0,1,3,1,1,3,2,2,2,1,3,3,0,0,3,1,3,1,2,3,1,0,3,0,3
162,2,1,3,2,2,1,3,3,2,0,1,3,0,2,0,0,1,3,1,0,3,3,2,3,1,3,3,0,0,3,2,3,0,2,3,1,0,3,0,3
163,2,1,3,2,2,0,3,3,2,0,1,2,0,2,0,0,1,3,1,1,3,2,2,2,1,3,3,0,0,3,1,3,1,2,2,1,0,3,0,3
164,2,1,3,2,2,0,2,3,2,0,2,2,0,2,0,0,1,3,1,2,3,2,2,2,1,2,3,0,0,3,1,3,1,2,3,2,0,3,0,3
165,2,1,3,2,2,0,2,3,2,0,2,3,0,2,0,0,1,3,2,1,3,2,2,2,1,2,3,0,0,3,1,3,1,3,3,1,0,3,0,3
166,2,3,3,1,3,1,2,3,3,0,2,3,0,2,0,0,1,3,2,0,3,3,3,3,1,3,3,0,0,3,2,3,0,3,3,1,0,3,0,3
167,3,3,3,2,2,0,1,3,3,0,2,3,0,2,0,0,1,3,2,0,3,3,3,3,1,2,3,0,0,3,2,3,0,3,3,2,0,3,0,3
168,2,2,3,2,2,0,2,3,2,0,2,3,0,2,0,0,1,3,2,0,3,2,2,3,1,2,3,0,0,3,2,3,0,3,3,1,0,3,0,3
169,3,2,3,2,2,0,1,3,3,0,2,3,0,3,0,0,1,3,2,1,3,2,2,3,0,2,3,0,0,3,1,3,0,3,3,2,0,3,0,3
170,2,2,3,2,2,1,2,3,2,0,1,3,0,2,0,0,1,3,2,0,3,3,3,3,1,3,3,0,0,3,2,3,0,3,3,1,0,3,0,3
171,2,1,3,2,2,1,3,3,2,0,1,3,0,2,0,0,1,3,1,0,3,2,2,3,1,3,3,0,0,3,2,3,0,3,3,1,0,3,0,3
172,3,1,3,2,2,0,1,3,2,0,2,2,0,3,1,0,1,3,2,2,2,2,2,2,0,2,3,0,0,3,1,3,1,3,3,2,0,3,0,3
173,3,1,3,2,2,0,1,3,2,0,2,3,0,2,1,0,1,3,2,2,2,2,2,2,0,2,3,0,0,3,1,3,1,3,3,2,0,3,0,3
174,2,2,3,2,2,1,2,3,2,0,2,3,0,2,0,0,1,3,2,0,3,3,3,3,1,3,3,0,0,3,2,3,0,3,3,1,0,3,0,3
175,3,3,3,1,3,1,1,3,3,0,2,3,0,2,0,0,1,3,2,0,3,3,3,3,1,2,3,0,0,3,2,3,0,3,3,1,0,3,0,3
176,3,0,3,2,2,0,2,3,2,0,2,2,1,2,1,0,1,2,1,3,2,2,2,2,1,2,3,0,0,2,1,3,1,2,2,2,0,3,0,3
177,2,0,3,2,2,0,3,3,2,0,1,2,0,2,0,0,1,3,1,2,3,2,2,2,1,3,3,0,0,2,1,3,1,1,2,1,0,3,0,3
178,2,2,3,2,2,0,2,3,2,0,2,3,0,2,0,0,1,3,2,0,3,2,2,3,1,2,3,0,0,3,2,3,0,3,3,1,0,3,0,3
179,2,1,3,1,3,2,3,3,2,0,0,3,0,1,0,0,2,3,1,0,3,3,3,3,2,3,3,0,0,3,2,3,0,2,3,1,0,3,1,3
180,2,2,3,2,2,0,2,3,2,0,2,3,0,2,0,0,1,3,2,0,3,2,2,3,1,2,3,0,0,3,2,3,0,3,3,1,0,3,0,3
181,2,2,3,2,2,1,3,3,2,0,1,3,0,2,0,0,1,3,1,0,3,3,2,3,1,3,3,0,0,3,2,3,0,3,3,1,0,3,0,3
182,3,1,3,2,2,0,2,3,2,0,2,2,0,2,1,0,1,3,1,2,2,2,2,2,1,2,3,0,0,3,1,3,1,2,3,2,0,3,0,3
183,3,3,3,2,2,0,1,3,3,0,2,3,0,3,0,0,1,3,2,0,3,3,3,3,0,2,3,0,0,3,2,3,0,3,3,2,0,3,0,3
184,2,2,3,1,3,1,2,3,2,0,1,3,0,2,0,0,1,3,2,0,3,3,3,3,1,3,3,0,0,3,2,3,0,3,3,1,0,3,0,3
185,3,3,3,2,2,0,1,3,3,0,2,3,0,2,0,0,1,3,2,0,3,3,3,3,1,2,3,0,0,3,2,3,0,3,3,2,0,3,0,3
186,2,2,3,1,3,1,3,3,2,0,1,3,0,2,0,0,1,3,2,0,3,3,3,3,1,3,3,0,0,3,2,3,0,3,3,1,0,3,0,3
187,3,3,3,2,2,0,1,3,3,0,2,3,0,2,0,0,1,3,2,0,3,3,3,3,1,2,3,0,0,3,2,3,0,3,3,2,0,3,0,3
188,2,1,3,2,2,1,3,3,2,0,1,3,0,2,0,0,1,3,1,1,3,2,2,2,1,3,3,0,0,3,2,3,1,2,2,1,0,3,0,3
189,2,3,3,2,3,1,2,3,3,0,2,3,0,2,0,0,1,3,2,0,3,3,3,3,1,3,3,0,0,3,2,3,0,3,3,1,0,3,0,3
190,2,1,3,1,3,1,3,3,2,0,1,3,0,1,0,0,2,3,1,0,3,3,3,3,2,3,3,0,0,3,2,3,0,2,3,1,0,3,1,3
191,2,1,3,1,3,1,3,3,2,0,0,3,0,1,0,0,2,3,1,0,3,3,3,3,2,3,3,0,0,3,2,3,0,1,2,1,0,3,1,3
192,2,2,3,2,2,1,2,3,2,0,1,3,0,2,0,0,1,3,2,0,3,3,2,3,1,3,3,0,0,3,2,3,0,3,3,1,0,3,0,3
193,2,2,3,1,3,1,3,3,2,0,1,3,0,2,0,0,1,3,2,0,3,3,3,3,1,3,3,0,0,3,2,3,0,3,3,1,0,3,0,3
194,3,2,3,2,2,0,2,3,2,0,2,3,0,2,0,0,1,3,2,1,3,2,2,2,1,2,3,0,0,3,1,3,0,3,3,2,0,3,0,3
195,2,1,3,2,2,0,3,3,2,0,1,2,0,2,0,0,1,3,1,2,3,2,2,2,1,3,3,0,0,3,1,3,1,2,2,1,0,3,0,3
196,2,2,3,2,2,0,2,3,2,0,2,3,0,2,0,0,1,3,2,0,3,2,2,3,1,3,3,0,0,3,2,3,0,3,3,1,0,3,0,3
197,3,1,3,2,2,0,2,3,2,0,2,2,0,2,1,0,1,3,1,2,2,2,2,2,1,2,3,0,0,3,1,3,1,2,3,2,0,3,0,3
198,2,2,3,2,2,0,2,3,2,0,2,3,0,2,0,0,1,3,2,0,3,2,2,3,1,3,3,0,0,3,2,3,0,3,3,1,0,3,0,3
199,2,3,3,1,3,1,2,3,3,0,2,3,0,2,0,0,1,3,2,0,3,3,3,3,1,3,3,0,0,3,2,3,0,3,3,1,0,3,0,3
200,2,0,3,2,2,0,3,3,1,0,1,2,1,2,0,0,1,2,1,2,2,2,2,2,1,3,3,0,0,2,1,3,1,1,2,1,0,3,1,3
201,2,0,3,2,2,0,3,2,1,0,0,2,1,1,0,0,2,0,0,3,2,2,2,2,2,3,3,0,1,2,1,3,1,0,0,1,0,3,2,3
202,1,0,3,2,2,0,3,1,0,0,0,1,2,1,1,0,2,0,0,3,1,2,2,1,2,3,3,0,2,1,1,2,2,0,0,1,0,1,2,2
203,2,0,3,2,2,0,3,2,1,0,1,2,1,1,0,0,2,0,0,3,2,2,2,2,1,3,3,0,0,2,1,3,1,0,1,1,0,3,1,3
204,2,0,3,3,1,0,3,2,1,0,1,1,2,2,2,0,1,0,0,3,0,1,1,1,1,2,2,0,0,1,0,2,2,0,0,1,0,3,1,3
205,2,0,3,2,1,0,3,2,1,0,1,1,2,2,1,0,1,0,0,3,1,2,2,1,1,3,3,0,0,2,1,2,2,0,0,1,0,3,1,3
206,2,0,3,3,1,0,3,1,0,0,1,1,2,2,2,0,2,0,0,3,0,1,1,1,1,3,2,0,1,1,1,2,3,0,0,1,0,2,2,3
207,2,0,3,2,2,0,3,2,1,0,1,2,1,1,1,0,2,0,0,3,1,2,2,1,1,3,3,0,1,2,1,3,2,0,0,1,0,3,1,3
208,2,0,3,2,2,0,3,2,1,0,1,2,1,1,1,0,2,0,0,3,1,2,2,1,1,3,3,0,1,2,1,3,2,0,0,1,0,3,1,3
209,2,0,3,2,2,0,3,3,1,0,1,2,1,2,1,0,1,0,0,3,2,2,2,2,1,3,3,0,0,2,1,3,1,0,1,1,0,3,1,3
210,2,0,3,2,1,0,3,1,0,0,0,1,2,1,1,0,2,0,0,3,0,1,1,1,1,3,2,0,1,1,1,2,2,0,0,1,0,2,2,3
211,2,0,3,2,2,0,3,3,1,0,1,2,1,2,1,0,1,0,0,3,2,2,2,2,1,3,3,0,0,2,1,3,1,0,1,1,0,3,1,3
212,2,0,3,2,2,0,3,2,1,0,0,2,1,1,0,0,2,0,0,3,2,2,2,2,2,3,3,0,1,2,1,3,1,0,1,1,0,3,1,3
213,2,0,3,2,2,0,3,2,1,0,1,1,2,1,1,0,2,0,0,3,1,2,2,1,1,3,3,0,1,1,1,2,2,0,0,1,0,3,1,3
214,2,0,3,2,2,0,3,3,1,0,1,2,1,2,1,0,1,0,0,3,2,2,2,2,1,3,3,0,0,2,1,3,1,0,1,1,0,3,1,3
215,2,0,3,2,2,0,3,2,1,0,1,2,1,1,1,0,2,0,0,3,2,2,2,2,1,3,3,0,1,2,1,3,2,0,1,1,0,3,1,3
216,2,0,3,2,2,0,3,2,1,0,1,1,2,1,1,0,2,0,0,3,1,2,2,1,1,3,3,0,1,1,1,2,2,0,0,1,0,3,1,3
217,2,0,3,2,2,0,3,3,1,0,1,2,1,2,1,0,1,0,0,3,2,2,2,2,1,3,3,0,0,2,1,3,2,0,1,1,0,3,1,3
218,2,0,3,2,2,0,3,3,1,0,1,2,1,2,1,0,1,0,0,3,2,2,2,2,1,3,3,0,0,2,1,3,2,0,1,1,0,3,1,3
219,1,0,3,2,2,1,3,2,0,0,0,2,1,1,0,0,2,0,0,3,2,2,2,2,2,3,3,0,1,1,1,3,2,0,0,1,0,3,2,3
220,2,0,3,2,2,1,3,3,1,0,0,2,1,1,0,0,2,0,0,2,3,2,2,2,2,3,3,0,1,2,2,3,1,0,1,1,0,3,1,3
221,2,0,3,2,1,0,3,2,0,0,1,1,2,1,1,0,2,0,0,3,1,2,1,1,1,3,3,0,1,1,1,2,2,0,0,1,0,2,2,3
222,2,0,3,2,2,0,3,1,0,0,0,1,2,1,1,0,2,0,0,3,1,2,1,1,2,3,3,0,1,1,1,2,2,0,0,1,0,2,2,3
223,1,0,3,2,2,0,3,1,0,0,0,1,2,1,1,0,2,0,0,3,1,2,2,1,2,3,3,0,1,1,1,2,2,0,0,1,0,2,2,3
224,2,0,3,2,2,0,3,2,1,0,1,2,1,1,1,0,2,0,0,3,1,2,2,1,1,3,3,0,1,2,1,3,2,0,0,1,0,3,1,3
225,2,0,3,2,2,0,3,3,1,0,1,2,1,2,1,0,1,0,1,3,2,2,2,2,1,3,3,0,0,2,1,3,2,0,1,1,0,3,1,3
226,2,0,3,2,1,0,3,2,1,0,1,1,2,2,1,0,1,0,0,3,1,2,2,1,1,3,3,0,0,1,1,3,2,0,0,1,0,3,1,3
227,2,0,3,2,2,0,3,2,1,0,0,2,1,1,0,0,2,0,0,3,2,2,2,2,2,3,3,0,1,2,1,3,1,0,1,1,0,3,1,3
228,1,0,3,2,2,0,3,2,0,0,0,1,2,1,1,0,2,0,0,3,1,2,2,1,2,3,3,0,1,1,1,2,2,0,0,1,0,2,2,3
229,2,0,3,2,2,0,3,1,0,0,0,1,2,1,1,0,2,0,0,3,1,2,1,1,2,3,3,0,1,1,1,2,2,0,0,1,0,2,2,3
230,2,0,3,2,2,0,3,2,1,0,1,2,1,2,1,0,1,0,0,3,1,2,2,1,1,3,3,0,0,2,1,3,2,0,1,1,0,3,1,3
231,2,0,3,2,1,0,3,2,1,0,1,2,1,2,1,0,1,0,0,3,1,2,2,1,1,3,3,0,0,2,1,3,2,0,1,1,0,3,1,3
232,1,0,3,2,2,0,3,2,0,0,0,2,1,1,0,0,2,0,0,3,2,2,2,2,2,3,3,0,1,1,1,3,2,0,0,1,0,3,2,3
233,1,0,3,2,2,1,3,2,0,0,0,1,2,1,0,0,2,0,0,3,2,2,2,1,2,3,3,0,1,1,1,3,2,0,0,1,0,2,2,3
234,2,0,3,2,2,0,3,2,1,0,1,2,1,1,1,0,2,0,0,3,1,2,2,1,1,3,3,0,1,2,1,3,2,0,0,1,0,3,1,3
235,1,0,3,1,2,1,3,2,1,0,0,2,1,1,0,0,2,0,0,2,3,2,2,2,2,3,3,0,1,2,2,3,1,0,1,0,0,3,2,3
236,2,0,3,2,2,1,3,2,1,0,0,2,1,1,0,0,2,0,0,2,2,2,2,2,2,3,3,0,1,2,1,3,1,0,1,1,0,3,1,3
237,2,0,3,2,2,0,3,2,1,0,1,1,1,2,1,0,2,0,0,3,1,2,2,1,1,3,3,0,0,1,1,3,2,0,0,1,0,3,1,3
238,2,0,3,2,2,1,3,3,1,0,1,2,1,1,0,0,2,0,0,2,3,2,2,2,2,3,3,0,0,2,2,3,1,0,1,1,0,3,1,3
239,2,0,3,2,2,0,3,3,1,0,1,2,1,2,1,0,1,0,0,3,1,2,2,1,1,3,3,0,0,2,1,3,2,0,1,1,0,3,1,3
240,2,0,3,3,1,0,3,2,1,0,2,1,2,2,2,0,1,0,0,3,0,1,1,1,0,2,2,0,0,1,0,2,2,0,0,2,0,3,1,3
241,2,0,3,2,2,0,3,3,1,0,1,2,1,2,1,0,1,0,1,3,2,2,2,2,1,3,3,0,0,2,1,3,1,0,1,1,0,3,1,3
242,2,0,3,1,3,1,3,3,1,0,0,2,0,1,0,0,2,3,1,1,3,2,2,2,2,3,3,0,0,2,2,3,1,0,2,1,0,3,1,3
243,2,0,3,2,1,0,3,2,1,0,1,1,2,2,1,0,1,0,0,3,1,2,2,1,1,3,3,0,0,1,1,2,2,0,0,1,0,3,1,3
244,1,0,3,2,2,1,3,2,1,0,0,2,1,1,0,0,2,0,0,2,2,2,2,2,2,3,3,0,1,2,1,3,1,0,0,1,0,3,2,3
245,1,0,3,2,2,1,3,2,1,0,0,2,1,1,0,0,2,0,0,2,2,2,2,2,2,3,3,0,1,2,2,3,1,0,1,1,0,3,2,3
246,2,0,3,2,1,0,3,2,0,0,1,1,2,2,2,0,1,0,0,3,0,1,1,1,1,3,2,0,1,1,1,2,2,0,0,1,0,3,1,3
247,2,0,3,2,2,0,3,2,0,0,1,1,2,1,1,0,2,0,0,3,1,2,2,1,1,3,3,0,1,1,1,2,2,0,0,1,0,3,2,3
248,1,0,3,1,2,1,3,2,1,0,0,2,1,1,0,0,2,0,0,1,3,2,2,2,2,3,3,0,1,2,2,3,1,0,1,0,0,3,2,3
249,2,0,3,2,1,0,3,3,1,0,1,2,1,2,1,0,1,0,1,3,1,2,2,1,1,3,3,0,0,2,1,3,2,0,1,1,0,3,1,3
